id,retweets,likes,replies,quotes,url,text,lang,sensitive,has_media,words,Dominant_topic,Dominant_score,topic_1,topic_2
1377090096055263238,1,0,0,0,https://pbs.twimg.com/media/ExxoAelVgAM_AVn.jpg,"â€œGood vibesâ€ finally circling around Jordan Spieth, but he canâ€™t win the Masters on that alone. 

STORY &gt;&gt;&gt; https://t.co/5ann3puVdA by @J_Polychronis https://t.co/bpgfmIGA08",en,False,True,"['good', 'vibe', 'finally', 'circle', 'jordan', 'spieth', 'win', 'master', 'alone', 'story', 'gt', 'gt', 'gt', 'puvda', 'bpgfmiga']",2,0.9637628793716431,0.03623708337545395,0.9637628793716431
1377084502418264075,1,14,0,1,https://pbs.twimg.com/media/ExxjDfuWgAAIw6R.jpg,ğŸš¨Jordan Spieth told Golf Channel that heâ€™s looking to fine tune the game this week ahead of The Masters ğŸ‘€ https://t.co/M8PZqjIlmR,en,False,True,"['jordan', 'spieth', 'tell', 'golf', 'channel', 'look', 'fine', 'tune', 'game', 'week', 'ahead', 'master', 'pzqjilmr']",2,0.9587602019309998,0.04123980179429054,0.9587602019309998
1377028160496099330,0,0,0,0,https://pbs.twimg.com/media/ExwvipHUUAIdXhh.jpg,"@OsisAnnie @RobBoltonGolf @valerotxopen @PGATOURSMartin That's a good looking team, mine is similar but I am also very keen on Sam Ryder, I had him in last week's 'early team' but chickened out. If I had any confidence in my gut I would put him in ahead of Spieth.... https://t.co/wdZO0MeUJg",en,False,True,"['good', 'look', 'team', 'mine', 'similar', 'also', 'keen', 'sam', 'ryder', 'last', 'week', 'early', 'team', 'chickene', 'confidence', 'gut', 'put', 'ahead', 'spieth', 'wdzo', 'meujg']",2,0.9760591983795166,0.02394079975783825,0.9760591983795166
1377009006892433413,0,0,0,0,https://pbs.twimg.com/media/ExweZP0WUAUoFyI.jpg,"AUSTIN, Texas (AP) - Jordan Spieth tapped in for bogey to win the Masters, bent over briefly and then straightened with a smile. That was his favorite image from his 2015 victory. Read more...  #ENMNEWSHEALTH

https://t.co/smeAUZWSHu https://t.co/oPx4NK4k3K",en,False,True,"['austin', 'texas', 'jordan', 'spieth', 'tap', 'bogey', 'win', 'master', 'bent', 'briefly', 'straighten', 'smile', 'favorite', 'image', 'victory', 'read', 'enmnewshealth', 'smeauzwshu', 'opx']",2,0.9731780886650085,0.026821959763765335,0.9731780886650085
1377007973806014464,0,0,0,0,https://pbs.twimg.com/media/Exwc-3eWUAARumh.png,"Good to hear @JordanSpieth @UnderArmour sounding so positive ahead of this week's @valerotxopen @TPCSanAntonio &amp; also with @TheMasters now 8 days away ğŸ‘

Read - https://t.co/R8EDVoaYaA https://t.co/3QjEjeZpHp",en,False,True,"['good', 'hear', 'sound', 'positive', 'ahead', 'week', 'also', 'day', 'away', 'read', 'edvoayaa', 'qjejezphp']",2,0.9597044587135315,0.04029555991292,0.9597044587135315
1376984460910989313,0,0,0,0,https://pbs.twimg.com/media/ExwIEf8VEAAmz9A.jpg,Golf: Resurgent Spieth 'in a better place' ahead of Masters https://t.co/tLzs8yx2x4 https://t.co/jX23gOmfzu,en,False,True,"['golf', 'resurgent', 'spieth', 'well', 'place', 'ahead', 'master', 'tlzs', 'jx', 'gomfzu']",2,0.9462419152259827,0.05375804007053375,0.9462419152259827
1376977685822382081,0,0,0,0,https://pbs.twimg.com/media/ExwB6ISU4AEh95G.jpg,Resurgent Spieth 'in a better place' ahead of Masters https://t.co/fKnkKQwGny https://t.co/l4dXa604jw,en,False,True,"['resurgent', 'spieth', 'well', 'place', 'ahead', 'master', 'fknkkqwgny', 'dxa', 'jw']",2,0.9462876915931702,0.05371231958270073,0.9462876915931702
1376977668638273536,0,0,0,0,https://pbs.twimg.com/media/ExwB5GwVcAIbZra.jpg,Resurgent Spieth 'in a better place' ahead of Masters https://t.co/1aLSjCiDvj https://t.co/zJ702Djmwo,en,False,True,"['resurgent', 'spieth', 'well', 'place', 'ahead', 'master', 'alsjcidvj', 'djmwo']",2,0.9403069615364075,0.05969305709004402,0.9403069615364075
1376975419035983872,0,0,0,0,https://pbs.twimg.com/media/Exv_2DwUcAErjVn.jpg,"Golf: Resurgent Spieth 'di tempat yang lebih baik' di hadapan Masters - https://t.co/znbYSTjsOj

                &lt;!-- Content data --&gt;
(Reuters) â€“ Jordan Spieth mungkin berada di tengah-tengah k https://t.co/OI3PnODZfn",in,False,True,"['golf', 'resurgent', 'spieth', 'di', 'tempat', 'lebih', 'baik', 'hadapan', 'master', 'content', 'datum', 'gt', 'reuter', 'jordan', 'spieth', 'mungkin', 'berada', 'tengah', 'tengah', 'pnodzfn']",2,0.9726717472076416,0.027328219264745712,0.9726717472076416
1376957462876655620,0,0,0,0,https://pbs.twimg.com/media/Exvvg90WEAAX7Vu.jpg,Jordan Spieth: Game 'definitely in a better place' - https://t.co/lu6Ng1vY90 https://t.co/I64smXuV9u,en,False,True,"['jordan', 'spieth', 'game', 'definitely', 'well', 'place', 'lu', 'smxuv']",2,0.9377249479293823,0.06227506697177887,0.9377249479293823
1376957422263209990,0,1,0,0,https://pbs.twimg.com/media/Exvveb7WQAQU2Pf.jpg,"Spieth, Conners, Scheffler, Fowler, and Phil â€” Who do you like?
Our betting favorites for this weekâ€™s Valero Texas Open: https://t.co/3zktDDBAzy https://t.co/jR5WId5Oyv",en,False,True,"['spieth', 'conner', 'scheffler', 'fowler', 'phil', 'bet', 'favorite', 'week', 'zktddbazy', 'wid']",2,0.9429041147232056,0.05709585174918175,0.9429041147232056
1376952842162933761,0,0,0,0,https://pbs.twimg.com/media/ExvqFdjWYAEtxlx.jpg,"No DJ at The #ValeroTexasOpen this year. So who will be making the noise? 

Latest Tournament Winner Betting

Spieth 10/1
Finau 12/1
Scheffler 14/1
Matsuyama 16/1
Ancer 18/1
Conners 20/1
Tringale 28/1
Hoffman 28/1

https://t.co/8ghmffNgON ğŸ” https://t.co/uNNRJkwi2z https://t.co/nNAEtmwRSg",en,False,True,"['valerotexasopen', 'year', 'make', 'noise', 'late', 'tournament', 'winner', 'bet', 'spieth', 'finau', 'scheffler', 'matsuyama', 'ancer', 'conner', 'tringale', 'hoffman', 'ghmffngon', 'unnrjkwi', 'nnaetmwrsg']",2,0.9670283794403076,0.032971568405628204,0.9670283794403076
1376949886302748679,3,27,1,0,https://pbs.twimg.com/media/Exvon6fWUAovdCb.jpg,"Is Jordan Spieth a must-play this week?

Daily fantasy expert @RickRunGood shared his favorite plays and fades at the Valero Texas Open: https://t.co/aPtvx22Pej https://t.co/lPC0TrjlqQ",en,False,True,"['jordan', 'spieth', 'play', 'week', 'daily', 'fantasy', 'expert', 'share', 'favorite', 'play', 'fade', 'aptvx', 'pej', 'lpc', 'trjlqq']",2,0.8181259632110596,0.18187406659126282,0.8181259632110596
1376945959641419777,51,444,28,16,https://pbs.twimg.com/media/ExvhijUXEAE4hrw.jpg,"Featured Groups for this weekâ€™s @ValeroTXOpen:
 
â›³ Phil Mickelson
â›³ Matt Kuchar
â›³ Hideki Matsuyama
 
ğŸŒï¸ Tony Finau
ğŸŒï¸ Cameron Champ
ğŸŒï¸ Joel Dahmen
 
â›³ Jordan Spieth
â›³ Ryan Palmer
â›³ Corey Conners
 
ğŸŒï¸ Gary Woodland
ğŸŒï¸ Rickie Fowler
ğŸŒï¸ Scottie Scheffler https://t.co/MWlQ27OGpE",en,False,True,"['feature', 'group', 'week', 'phil', 'mickelson', 'matt', 'kuchar', 'hideki', 'matsuyama', 'tony', 'finau', 'cameron', 'champ', 'joel', 'dahman', 'jordan', 'spieth', 'ryan', 'palmer', 'corey', 'conner', 'gary', 'woodland', 'rickie', 'fowler', 'scottie', 'scheffler', 'mwlq', 'ogpe']",2,0.9814692735671997,0.018530750647187233,0.9814692735671997
1376933053520605194,0,2,0,0,https://pbs.twimg.com/media/ExvZUEOWUAcno36.jpg,This Spieth quote with no context whatsoever is laugh out loud funny. Any compliment comes across backhanded the instant you throw in â€œwhich is unusualâ€ at the end https://t.co/vbVWShMEQ6 https://t.co/xYfEMMGyzC,en,False,True,"['spieth', 'context', 'whatsoever', 'laugh', 'loud', 'funny', 'compliment', 'come', 'backhand', 'instant', 'throw', 'unusual', 'end', 'vbvwshmeq', 'xyfemmgyzc']",2,0.9648348689079285,0.03516511619091034,0.9648348689079285
1376932939804590083,6,134,1,1,https://pbs.twimg.com/media/ExvY2jDWUAwc5Ub.png,"Spieth, per usual, does a great job explaining why some guys are able to contend at Augusta with no warning signs: 

""Regardless of if you've just won or if you've missed the previous cut, it really makes no difference to me in my confidence level when I pull into Magnolia Lane."" https://t.co/k9E4M3jI9i",en,False,True,"['spieth', 'usual', 'great', 'job', 'explain', 'guy', 'able', 'contend', 'augusta', 'warning', 'sign', 'regardless', 'miss', 'previous', 'cut', 'really', 'make', 'difference', 'confidence', 'level', 'pull', 'magnolia', 'lane']",2,0.9772729277610779,0.022727077826857567,0.9772729277610779
1376924690019725317,0,1,0,0,https://pbs.twimg.com/media/ExvRtY6XAAUY9kr.jpg,"""You see that pig flying outside your window right now? Yep, thatâ€™s me putting Jordan Spieth in my GPP article.""

@stlcardinals84's GPP Breakdown ($): https://t.co/eEPf7nNetf https://t.co/Xfg2IIzMXI",en,False,True,"['see', 'pig', 'fly', 'window', 'put', 'jordan', 'spieth', 'gpp', 'article', 'gpp', 'breakdown', 'eepf', 'nnetf', 'xfg', 'iizmxi']",2,0.9635128378868103,0.03648712486028671,0.9635128378868103
1376919516471554053,2,0,0,0,https://pbs.twimg.com/media/ExvHPZBW8AMOeXt.jpg,RT @GolfBet: Almost 3 years later: Jordan Spieth is favored again... https://t.co/opQiHgC8eD,en,False,True,"['almost', 'year', 'later', 'jordan', 'spieth', 'favor', 'opqihgc', 'ed']",2,0.9380953311920166,0.06190469488501549,0.9380953311920166
1376918249124864001,0,0,0,0,https://pbs.twimg.com/media/ExvLzsSWYAEIDeR.png,"Masters appetizer @valerotxopen on tap. Charley Hoffman (13), Ryan Moore (8) &amp; Si Woo Kim (4) are popular picks. Popular no-shows are Kokrak (6) &amp; Streelman (4). Our leader @ghpace &amp; fading Master Luke Whitmer picked both. @ChipTuttle with Spieth &amp; Scheffler ğŸ‘€ Official #OBGC ğŸ‘‡ https://t.co/ZC5BK66c2J",en,False,True,"['master', 'appetizer', 'tap', 'charley', 'hoffman', 'ryan', 'moore', 'woo', 'kim', 'popular', 'pick', 'popular', 'show', 'kokrak', 'streelman', 'leader', 'fade', 'master', 'luke', 'whitmer', 'pick', 'spieth', 'scheffler', 'official', 'obgc', 'zc', 'bk']",2,0.9598225355148315,0.04017750918865204,0.9598225355148315
1376913287942705163,2,0,0,0,https://pbs.twimg.com/media/ExvHPZBW8AMOeXt.jpg,RT @GolfBet: Almost 3 years later: Jordan Spieth is favored again... https://t.co/opQiHgC8eD,en,False,True,"['almost', 'year', 'later', 'jordan', 'spieth', 'favor', 'opqihgc', 'ed']",2,0.9380975961685181,0.061902474611997604,0.9380975961685181
1376913240131796997,2,22,0,0,https://pbs.twimg.com/media/ExvHPZBW8AMOeXt.jpg,Almost 3 years later: Jordan Spieth is favored again... https://t.co/opQiHgC8eD,en,False,True,"['almost', 'year', 'later', 'jordan', 'spieth', 'favor', 'opqihgc', 'ed']",2,0.9380949139595032,0.061905089765787125,0.9380949139595032
1376882765099065345,3,108,3,0,https://pbs.twimg.com/media/Exurk51XMAM8Ks3.jpg,"ğŸš¨I know itâ€™s early, but itâ€™s now official that Jordan Spieth will speak with the Media at 3:00 PM EDT next Monday at Augusta. Jordan did not speak with the media last year. Lets gooooğŸ”¥â˜¢ï¸ https://t.co/VpOzDzZ4PL",en,False,True,"['know', 'early', 'official', 'jordan', 'spieth', 'speak', 'medium', 'pm', 'edt', 'next', 'monday', 'augusta', 'jordan', 'speak', 'medium', 'last', 'year', 'let', 'goooo', 'vpozdzz']",2,0.9742531180381775,0.0257469043135643,0.9742531180381775
1376879657270710273,0,0,0,0,https://pbs.twimg.com/media/ExuowH1VcAcIHLH.jpg,Expert Picks: Valero Texas Open https://t.co/Q6wHCemiPY https://t.co/6Q2SRQseZJ,en,False,True,"['expert', 'pick', 'whcemipy', 'srqsezj']",2,0.8959715962409973,0.1040283590555191,0.8959715962409973
1376865539658776582,0,0,0,0,https://pbs.twimg.com/media/ExuaZktXAAEX1Pu.jpg,"As usual, ğ„ğ—ğ“ğ‘ğ€ ğğ‹ğ€ğ‚ğ„ğ’ are available on this week's golf â›³ï¸

8âƒ£ ğğ‹ğ€ğ‚ğ„ğ’ each-way on the VALERO ğ“ğ„ğ—ğ€ğ’ ğğğ„ğ (starts Thurs 2pm)

Golf mktsâ¡ï¸https://t.co/mv5srT6v1G

Jordan Spieth is fav
Reigning champ: Corey Connors
Charley Hoffman: 1st in 2016, 2nd in 2019 https://t.co/0JZT1QUTPv",en,False,True,"['usual', 'available', 'week', 'golf', 'way', 'valero', 'ğğğ„ğ', 'start', 'thur', 'pm', 'golf', 'mkts', 'srt', 'jordan', 'spieth', 'fav', 'reign', 'champ', 'corey', 'connor', 'charley', 'hoffman', 'st', 'qutpv']",2,0.9766784906387329,0.023321501910686493,0.9766784906387329
1376856125891608578,0,4,1,0,https://pbs.twimg.com/media/ExuTMhbWUAM_dMj.jpg,"There are 9âƒ£ days until @TheMasters starts. Sungjae Im is ninth player to finish runner-up in his Masters debut, joining Craig Wood (1934), Ralph Guldahl (1937), Lloyd Mangrum (1940), Tony Lema (1963), Dan Pohl (1982), Jason Day (2011), Jonas Blixt (2014) &amp; Jordan Spieth (2014). https://t.co/bdWnEjRREx",en,False,True,"['day', 'start', 'sungjae', 'ninth', 'player', 'finish', 'runner', 'master', 'debut', 'join', 'craig', 'wood', 'ralph', 'guldahl', 'lloyd', 'mangrum', 'tony', 'dan', 'pohl', 'jason', 'day', 'jona', 'blixt', 'jordan', 'spieth', 'bdwnejrrex']",2,0.9783890843391418,0.02161085605621338,0.9783890843391418
1376836627935412232,0,28,2,0,https://pbs.twimg.com/media/ExuBnb2XMAMo6hP.jpg,Tom Kite thinks Jordan Spieth is almost back to major championship form https://t.co/Mt5dDWDvBf https://t.co/F9SPOdeNyU,en,False,True,"['tom', 'kite', 'think', 'jordan', 'spieth', 'almost', 'back', 'major', 'championship', 'form', 'mt', 'ddwdvbf', 'spodenyu']",1,0.9510676860809326,0.9510676860809326,0.048932261765003204
1376795586012274688,0,0,0,0,https://pbs.twimg.com/media/ExtcSiRXAAI3DrG.jpg,"#Highlights | #Matt #Kuchar #Vs. #JORDAN ...
 
https://t.co/mdgNPbPhGy
 
#2021PGATour #AustinCountryClub #Golf #GolfHighlights #GolfRules #JordanSpieth #MattKuchar #MattKucharVsJordanSpieth #Pga #PgaTour #PgaTour2021 #PgaTourHighlights #Tour #Video #Vlog #WgcDellMatchPlay https://t.co/I9DI70Ogfy",und,False,True,"['highlight', 'matt', 'kuchar', 'vs', 'jordan', 'mdgnpbphgy', 'pgatour', 'golf', 'golfhighlight', 'golfrule', 'jordanspieth', 'mattkuchar', 'pga', 'pgatour', 'pgatour', 'tour', 'video', 'vlog', 'ogfy']",1,0.9538930654525757,0.9538930654525757,0.04610695689916611
1376724473588633602,1,5,0,1,https://pbs.twimg.com/media/ExsaQ89XMAQydYL.jpg,"With World No. 1 Dustin Johnson and many other top players skipping this week's tournament, Jordan Spieth is the betting favourite to win the final tune-up before the Masters. @houndogharrison has our first look at the Valero Texas Open. https://t.co/uo5FsFBe9Q #ValeroTexasOpen https://t.co/IfQj6gQxfZ",en,False,True,"['world', 'dustin', 'johnson', 'many', 'top', 'player', 'skip', 'week', 'tournament', 'jordan', 'spieth', 'bet', 'favourite', 'win', 'final', 'tune', 'master', 'first', 'look', 'fsfbe', 'valerotexasopen', 'ifqj', 'gqxfz']",2,0.8483596444129944,0.15164034068584442,0.8483596444129944
1376701376840019969,0,6,0,1,https://pbs.twimg.com/media/ExsGW66XAAACv8k.jpg,"ğŸš¨ğ’ğ‚ğ‡ğ„ğƒğ”ğ‹ğ„: ğ„ğ‹ğˆğ“ğ„ ğ„ğˆğ†ğ‡ğ“ğŸš¨

Start: 3/30/21
End: 4/2/21 (Lasts 3 Days)

5:00pm ET

(1)@TWlegion vs.
(2)@BKoepkaTracker 

7:00pm ET

(2)@Spieth_Tracker vs.
(8)@LowryTracker https://t.co/cegOUYjLQP",en,False,True,"['ğ’ğ‚ğ‡ğ„ğƒğ”ğ‹ğ„', 'ğ„ğ‹ğˆğ“ğ„', 'ğ„ğˆğ†ğ‡ğ“', 'start', 'end', 'last', 'day', 'pm', 'et', 'pm', 'et', 'cegouyjlqp']",2,0.9596381187438965,0.04036189988255501,0.9596381187438965
1376698742422769674,0,5,0,0,https://pbs.twimg.com/media/ExsENYfWYAQCFNM.jpg,"âš ï¸ğ‘©ğ‘°ğ‘® ğ‘½ğ‘º ğ‘ºğ‘´ğ‘¨ğ‘³ğ‘³âš ï¸

@Spieth_Tracker has 14x the followers @LowryTracker has, but here they are, both in the same exact position as we head into the Elite Eight. Can @LowryTracker continue the underdog story, or will the Spieth name push @Spieth_Tracker over the top? https://t.co/F1L3esavZ7",en,False,True,"['ğ‘½ğ‘º', 'follower', 'exact', 'position', 'head', 'elite', 'continue', 'underdog', 'story', 'spieth', 'name', 'push', 'top', 'esavz']",1,0.9631238579750061,0.9631238579750061,0.03687617927789688
1376694070836404225,0,15,0,0,https://pbs.twimg.com/media/Exr_9cmW8Acq6nL.jpg,"ğŸš¨Dustin Johnson has withdrawn from the Valero, and Jordan Spieth is now the favorite to win in San Antonio... https://t.co/a0P4xih6K9",en,False,True,"['dustin', 'johnson', 'withdraw', 'valero', 'jordan', 'spieth', 'favorite', 'win', 'san', 'antonio', 'xih']",2,0.7571772933006287,0.24282267689704895,0.7571772933006287
1376655487362547713,1,15,1,3,https://pbs.twimg.com/media/Exrc3qTWgAAMFB4.jpg,"ğŸš¨ğ–ğˆğğğğ„ğ‘ğŸš¨

ğ‘«ğ‘¶ğ‘¾ğ‘µ ğ‘®ğ‘¶ğ‘¬ğ‘º ğ‘µğ‘¼ğ‘ªğ‘³ğ‘¹

SHANE LOWRY TRACKER TAKES DOWN NUCLR GOLF. The underdog story continues, @LowryTracker will have @Spieth_Tracker in the Elite Eight after defeating one of the best trackers on the platform. It will not be an all NUCLR Final FourğŸ˜¯ https://t.co/dQsqLOQDpU",en,False,True,"['shane', 'lowry', 'tracker', 'take', 'nuclr', 'golf', 'underdog', 'story', 'continue', 'elite', 'defeat', 'good', 'tracker', 'platform', 'nuclr', 'final', 'dqsqloqdpu']",1,0.9664508104324341,0.9664508104324341,0.0335492379963398
1376644095716720640,0,0,0,0,https://pbs.twimg.com/media/ExrSgmwVgAEVQC5.jpg,"Sergio &amp; Fleetwood trade aces, DeChambeau drives it backward and Spieth nearly hits Cantlay https://t.co/MUIoOAlNsk https://t.co/gUE6O7rTto",en,False,True,"['sergio', 'fleetwood', 'trade', 'ace', 'dechambeau', 'drive', 'backward', 'spieth', 'nearly', 'hit', 'cantlay', 'muiooalnsk', 'gue', 'rtto']",1,0.954800546169281,0.954800546169281,0.0451994463801384
1376633433162723328,0,0,1,0,https://pbs.twimg.com/media/ExrIsmVW8AImyUD.jpg,"Texas Open:

C.Davis 45/1 1pt ew
D.Ghim 80/1 0.5pt ew
H.Higgs 80/1 0.5pt ew
R.Sloan 150/1 0.5pt ew

All 1/5 8 places.

Just seen DJ is a withdrawal after being a late entry into the field which presumably will leave Spieth as fav. https://t.co/dA6xJkxX2z",en,False,True,"['texas_open', 'davis', 'pt', 'ghim', 'pt', 'higgs', 'pt', 'pt', 'place', 'see', 'withdrawal', 'late', 'entry', 'field', 'presumably', 'leave', 'spieth', 'fav', 'xjkxx']",1,0.9602465033531189,0.9602465033531189,0.03975345194339752
1376619882326855680,0,7,3,0,https://pbs.twimg.com/media/Exq8YAIVEAEQ9ii.png,"Wow, @WilliamHillUS historically slow on line movements, got this one pretty quick.

Spieth now your favorite at +1400. https://t.co/0eXfZbwcgj",en,False,True,"['historically', 'slow', 'line', 'movement', 'get', 'pretty', 'quick', 'spieth', 'favorite', 'exfzbwcgj']",1,0.9039283394813538,0.9039283394813538,0.09607163816690445
1376610747480993800,0,0,0,0,https://pbs.twimg.com/media/Exq0LjEXAAA4HKv.jpg,"Jordan Spieth participando en el evento de recaudacion de fondos, WE ARE... https://t.co/fXB469I22i https://t.co/hqeMB9CAMv",es,False,True,"['jordan', 'spieth', 'participando', 'recaudacion', 'fondo', 'fxb', 'hqemb', 'camv']",1,0.9299347996711731,0.9299347996711731,0.07006517797708511
1376586709173817350,0,0,0,0,https://pbs.twimg.com/media/ExqeURuWUAUJ1jY.jpg,"#JORDAN #SPIETH | #WGC ...
 
https://t.co/PJsWZEUgXD
 
#DellTechnologiesMatchPlay #Golf #GolfClubs #GolfClubsWoods #GolfEquipment #GolfWoods #JordanSpieth #JordanSpiethHighlights #JordanSpiethMatchPlay #JordanSpiethPgaTour #MatchPlay #Pga #PgaTour #Video #Vlog #YouTube https://t.co/L5GCGYF4d3",und,False,True,"['jordan', 'spieth', 'wgc', 'pjswzeugxd', 'golf', 'golfclub', 'golfclubswood', 'golfequipment', 'golfwood', 'jordanspieth', 'matchplay', 'pga', 'pgatour', 'video', 'vlog', 'youtube', 'gcgyf']",1,0.9696382880210876,0.9696382880210876,0.030361732468008995
1376569491618942980,0,0,0,0,https://pbs.twimg.com/media/ExqOKSpWYAI61AN.jpg,"#ValeroTexasOpen starts Thursday  

Tournament Winner Betting

Johnson D 7/1
Spieth 14/1
Finau 16/1
Scheffler 16/1
Matsuyama 22/1
Conners 22/1
Ancer 25/1
Hoffman 28/1
Palmer 28/1

https://t.co/8ghmffNgON ğŸ” Please Gamble Responsibly https://t.co/GI4rJE33OU",en,False,True,"['valerotexasopen', 'start', 'thursday', 'tournament', 'winner', 'bet', 'johnson', 'spieth', 'finau', 'scheffler', 'matsuyama', 'conner', 'ancer', 'hoffman', 'palmer', 'ghmffngon', 'gamble', 'responsibly', 'rje']",2,0.9680199027061462,0.031980108469724655,0.9680199027061462
1376565751113465857,0,7,0,0,https://pbs.twimg.com/media/ExqLQEkWQAU3ebg.jpg,"ğŸš¨ğ…ğˆğğ€ğ‹ ğ€ğ‹ğ„ğ‘ğ“ğŸš¨

(2)@Spieth_Tracker defeats (11)@TrackingWebb by ğŸ²ğŸ­ Votes

ğ‘­ğ’Šğ’ğ’‚ğ’ ğ‘½ğ’ğ’•ğ’† ğ‘ªğ’ğ’–ğ’ğ’•ğ’”: ğŸ¯ğŸ­ğŸ­

Spieth Tracker - ğŸ­ğŸ´ğŸ² (ğŸ²ğŸ¬%)
Webb Simpson Tracker - ğŸ­ğŸ®ğŸ± (ğŸ°ğŸ¬%) https://t.co/4xGKhciiXX",en,False,True,"['defeat', 'vote', 'spieth', 'tracker', 'webb', 'simpson', 'tracker', 'xgkhciixx']",1,0.9387662410736084,0.9387662410736084,0.0612337552011013
1376551070432964609,2,11,2,0,https://pbs.twimg.com/media/Exp9buqWgAI8e0E.jpg,"@DrRonHolt @Thomas_Spieth @KamalaHarris @MattStout07 It's hypocritical to demand gays/lesbians be trans allies while ignoring the homophobia &amp; death threats we receive for not providing them validation sex. 

At what point will trans rights champions speak OUT against this vile practice?

Silence =support
#supergay #superstraight https://t.co/5lBmqjpZHq",en,False,True,"['hypocritical', 'demand', 'gay', 'lesbian', 'tran', 'ally', 'ignore', 'homophobia', 'death', 'threat', 'receive', 'provide', 'validation', 'sex', 'point', 'tran', 'right', 'champion', 'speak', 'vile', 'practice', 'silence', 'support', 'supergay', 'superstraight', 'lbmqjpzhq']",1,0.9783093929290771,0.9783093929290771,0.021690616384148598
1376532162988609538,0,0,0,0,https://pbs.twimg.com/media/ExpstSwXMAMFlnw.jpg,In two months we've gone from Spieth being over 100/1 to him having the second shortest odds in the field behind DJ.  In 2015 he was 2nd at this event before winning at Augusta - maybe something similar will happen this year.  #TexasOpen https://t.co/EaSQpu9tbc,en,False,True,"['month', 'go', 'spieth', 'second', 'short', 'odd', 'field', 'nd', 'event', 'win', 'augusta', 'maybe', 'similar', 'happen', 'year', 'texasopen', 'easqpu']",2,0.9698479771614075,0.03015209175646305,0.9698479771614075
1376514831323443201,3,150,3,0,https://pbs.twimg.com/media/Expc7xWWYAckpmd.jpg,"ğŸš¨IT IS VALERO TEXAS OPEN WEEK. LAST TUNE-UP BEFORE THE BIGGEST WEEK OF THE YEAR FOR SPIETH FANS. Jordan absolutely loves this course, he's 4th ALL TIME in SG here and is on a tear right now. This should be a good week. LETS GO!â˜¢ï¸ğŸ”¥ https://t.co/G0Li8MC4Ry",en,False,True,"['week', 'last', 'tune', 'big', 'week', 'year', 'spieth', 'fan', 'jordan', 'absolutely', 'love', 'course', 'th', 'time', 'tear', 'right', 'good', 'week', 'let', 'go', 'li', 'mc', 'ry']",2,0.9776353240013123,0.022364668548107147,0.9776353240013123
1376500635059691531,0,0,0,0,https://pbs.twimg.com/media/ExoW6IsXEAQbdlA.jpg,"#VIDEO: Jordan Spieth lanzÃ³ un misil desde el tee -""con trampa""- sobrepasando el green ante el asombro de Cantlay. Con ese golpe, que excedÃ­a los 300 metros, el texano empataba el hoyo ante Matt Fitzpatrick en un partido que mÃ¡s tarde ganarÃ­a por 3&amp;1 https://t.co/4QthmcDptl https://t.co/jL2VicJMwj",es,False,True,"['video', 'jordan', 'spieth', 'lanzo', 'misil', 'desde', 'el', 'tee', 'con', 'trampa', 'sobrepasando', 'el', 'green', 'ante', 'el', 'asombro', 'cantlay', 'con', 'ese', 'golpe', 'que', 'excedia', 'los', 'metro', 'el', 'texano', 'empataba', 'el', 'hoyo', 'ante', 'matt', 'fitzpatrick', 'un', 'partido', 'que', 'ganaria', 'por', 'qthmcdptl', 'jl', 'vicjmwj']",2,0.9871948957443237,0.012805115431547165,0.9871948957443237
1376493085731909638,0,2,0,0,https://pbs.twimg.com/media/ExoWyW_XMAI3sgn.jpg,"#VIDEO: Jordan Spieth lanzÃ³ un misil desde el tee -""con trampa""- sobrepasando el green ante el asombro de Cantlay. Con ese golpe, que excedÃ­a los 300 metros, el texano empataba el hoyo ante Matt Fitzpatrick en un partido que mÃ¡s tarde ganarÃ­a por 3&amp;1 https://t.co/b8SGBSQVMi https://t.co/S0nHHGZz9b",es,False,True,"['video', 'jordan', 'spieth', 'lanzo', 'misil', 'desde', 'el', 'tee', 'con', 'trampa', 'sobrepasando', 'el', 'green', 'ante', 'el', 'asombro', 'cantlay', 'con', 'ese', 'golpe', 'que', 'excedia', 'los', 'metro', 'el', 'texano', 'empataba', 'el', 'hoyo', 'ante', 'matt', 'fitzpatrick', 'un', 'partido', 'que', 'ganaria', 'por', 'sgbsqvmi', 'nhhgzz']",2,0.9868718385696411,0.013128134422004223,0.9868718385696411
1376476232456474624,0,0,0,0,https://pbs.twimg.com/media/Exo51tSW8AAui7h.jpg,"How a #Search #Party, an #Unfavorable #Ruling and a #Missed 6 #FOOT #Putt #Sunk #JORDAN #SPIETH on #Saturday
 
https://t.co/B58ViRmvdC
 
#Competition #Golf #GolfClubs #GolfClubsPutters #GolfEquipment #GolfPutters #Video #Vlog #YouTube https://t.co/rmgvRbgBlK",en,False,True,"['search', 'party', 'unfavorable', 'rule', 'miss', 'foot', 'putt', 'sink', 'jordan', 'spieth', 'saturday', 'virmvdc', 'competition', 'golf', 'golfclub', 'golfequipment', 'golfputter', 'video', 'vlog', 'youtube', 'rmgvrbgblk']",1,0.9651115536689758,0.9651115536689758,0.03488846495747566
1376443875703713792,0,0,0,0,https://pbs.twimg.com/media/ExocZ8_VgAYo42k.jpg,"https://t.co/dSu2wBwnUF Albums Spotlight
Celebrating 11 Years of https://t.co/dSu2wBwnUF
November 3, 2009 - November 3, 2020
TMPs Featured Albums for March 2021 
Joachim Spieth - Ousia 
https://t.co/cyJ1VuSZOl https://t.co/REHI5AiZpN",en,False,True,"['dsu', 'wbwnuf', 'album', 'spotlight', 'celebrate', 'year', 'dsu', 'wbwnuf', 'november', 'november', 'tmp', 'feature', 'album', 'march', 'joachim', 'spieth', 'ousia', 'cyj', 'vuszol', 'rehi', 'aizpn']",2,0.9759619235992432,0.024038098752498627,0.9759619235992432
1376342495940984835,3,3,1,0,https://pbs.twimg.com/media/Exm_gmcWgAUmbmv.jpg,"ğŸ—£ MATCH PLAY REACT POD

- Pillow Fight Final
- Ryder Cup Implications
- Obligatory Spieth Masters Talk
- The Canadian Who Will Win Valero

WATCH: https://t.co/OVDNP642yV https://t.co/qDXgvTPJtF",en,False,True,"['match', 'play', 'react', 'pod', 'pillow', 'fight', 'final', 'ryder', 'cup', 'implication', 'obligatory', 'spieth', 'master', 'talk', 'canadian', 'win', 'valero', 'watch', 'ovdnp', 'yv', 'qdxgvtpjtf']",2,0.9230032563209534,0.07699668407440186,0.9230032563209534
1376337541859835904,0,1,0,0,https://pbs.twimg.com/media/Exm7s17WgAAH9Ym.jpg,"5 Putt 1 and Done
@Alx_sports_fan increases his lead with Jordan Spieth
@tystreat pick of Bryson DeChambeau keeps his lead over @EWeedman who pick of Harris English didn't allow him to gain on anyone
@RickRunGood https://t.co/kN5naPKJL7",en,False,True,"['putt', 'increase', 'lead', 'jordan', 'spieth', 'pick', 'bryson', 'dechambeau', 'keep', 'lead', 'pick', 'harris', 'english', 'allow', 'gain', 'kn', 'napkjl']",2,0.9698798060417175,0.03012022376060486,0.9698798060417175
1376281026717085697,0,0,2,3,https://pbs.twimg.com/media/ExmIJbTVIAIMOrL.jpg,"ITS MASTERS WEEK!!!     DAY 1 of Specials 

SPIETH v RAHM   $3.50

Can Jordan Spieth finish ahead of John Rahm in next weeks masters? We don't think so.  We are potting SPIETH!!!

open to everyone!
https://t.co/YaHrw4wNLu https://t.co/krYeQgbk3L",en,False,True,"['master', 'week', 'day', 'special', 'spieth', 'rahm', 'jordan', 'spieth', 'finish', 'ahead', 'john', 'rahm', 'next', 'week', 'master', 'think', 'potting', 'spieth', 'open', 'yahrw', 'wnlu', 'kryeqgbk']",2,0.8724330067634583,0.12756696343421936,0.8724330067634583
1376229080824041473,0,5,2,0,https://pbs.twimg.com/media/ExlZDdVVoAUmszj.jpg,@NoLayingUp Why isnâ€™t the Ryder Cup team these 11 Americans + Spieth. https://t.co/IbBeyu65Qm,en,False,True,"['ryder', 'cup', 'team', 'american', 'spieth', 'ibbeyu', 'qm']",2,0.9329333901405334,0.06706660240888596,0.9329333901405334
1376196639145271300,0,0,0,0,https://pbs.twimg.com/media/Exk7jQLWgAQNzxP.jpg,"Jordan Spieth's epic drive onto the wrong green
 
https://t.co/rkWdAveKDy
 
#GolfFun https://t.co/ZLIe6upBfn",en,False,True,"['jordan', 'spieth', 'epic', 'drive', 'wrong', 'green', 'rkwdavekdy', 'golffun', 'zlie', 'upbfn']",2,0.9492049217224121,0.05079503357410431,0.9492049217224121
1376192372241915906,0,0,0,0,https://pbs.twimg.com/media/Exk3q3cVgAMZzZQ.jpg,Under Armour Jordan Spieth 2 Golf Shoes Cleats White (3000165-104) Sz 8 US https://t.co/NPXeEFRxFY eBay https://t.co/hf3KTUG4cQ,en,False,True,"['armour', 'jordan', 'spieth', 'golf', 'shoe', 'cleat', 'white', 'sz', 'npxeefrxfy', 'ebay', 'ktug']",2,0.9500572681427002,0.049942754209041595,0.9500572681427002
1376157229204832256,0,28,2,0,https://pbs.twimg.com/media/ExkXs7gWYAMut8V.jpg,"The fans are beginning to return to PGA Tour events. 

Matt Kuchar decided to use them to his advantage during his match against Jordan Spieth on Saturday: https://t.co/YBk7bchaW1 https://t.co/Ute2UR3Mv9",en,False,True,"['fan', 'begin', 'return', 'pga', 'tour', 'event', 'matt', 'kuchar', 'decide', 'use', 'advantage', 'match', 'jordan', 'spieth', 'saturday', 'ybk', 'bchaw', 'ute']",2,0.7772825956344604,0.22271741926670074,0.7772825956344604
1376097487321190403,0,0,0,0,https://pbs.twimg.com/media/ExjhX1MXMAgeDRg.jpg,"#Highlights | #JORDAN #SPIETH ...
 
https://t.co/HZqR8RgY7x
 
#2021PGATour #AustinCountryClub #Golf #GolfClubs #GolfClubsWoods #GolfEquipment #GolfWoods #JordanSpieth #JordanSpiethVsMatthewWolff #MatthewWolff #Pga #PgaTour #PgaTour2021 #PgaTourHighlights #Tour #Video #Vlog https://t.co/QxVJZjvWOY",und,False,True,"['highlight', 'jordan', 'spieth', 'hzqr', 'rgy', 'pgatour', 'golf', 'golfclub', 'golfclubswood', 'golfequipment', 'golfwood', 'jordanspieth', 'matthewwolff', 'pga', 'pgatour', 'pgatour', 'tour', 'video', 'vlog', 'qxvjzjvwoy']",1,0.9742386341094971,0.9742386341094971,0.02576131746172905
1376081692755132418,2,12,1,0,https://pbs.twimg.com/media/ExjTAbeXMAAHyg5.jpg,"How a search party, an unfavorable ruling and a missed 6-foot putt sunk Jordan Spieth on Saturday https://t.co/uzuDCxfsuy https://t.co/x9UmM3gFIB",en,False,True,"['search', 'party', 'unfavorable', 'rule', 'miss', 'foot', 'putt', 'sink', 'jordan', 'spieth', 'saturday', 'uzudcxfsuy', 'umm', 'gfib']",2,0.9497124552726746,0.05028752237558365,0.9497124552726746
1376074225300209664,0,0,0,0,https://pbs.twimg.com/media/ExjMN2IWgAE_ajV.jpg,Now playing : Push (Joachim Spieth Remix) by Arnaud Le Texier // Listen live on https://t.co/1LSdKafFKv https://t.co/zl1RvjkRGz,en,False,True,"['play', 'push', 'joachim', 'spieth', 'remix', 'arnaud', 'texi', 'listen', 'live', 'lsdkaffkv', 'zl', 'rvjkrgz']",1,0.9564810395240784,0.9564810395240784,0.04351891577243805
1376014021774692353,1,58,2,0,https://pbs.twimg.com/media/ExiVUE_W8AkxsUw.jpg,ğŸš¨Jordan Spieth to Speak with the Media on Wednesday at the Valero Texas Open. The time is still TBD.ğŸ¤ https://t.co/Cr4GcP3RBs,en,False,True,"['jordan', 'spieth', 'speak', 'medium', 'wednesday', 'time', 'still', 'tbd', 'gcp', 'rbs']",2,0.8004225492477417,0.19957740604877472,0.8004225492477417
1376001020233461760,23,0,0,0,https://pbs.twimg.com/media/ExgUIEOUUAM0x2t.jpg,"RT @PGATOUR: A slim 1UP victory for Matt Kuchar over Jordan Spieth.

The Quarterfinals are set. https://t.co/9wgwyjSAz3",en,False,True,"['slim', 'victory', 'matt', 'kuchar', 'jordan', 'spieth', 'quarterfinal', 'set', 'wgwyjsaz']",2,0.945688784122467,0.054311275482177734,0.945688784122467
1375922919004590082,1,10,1,2,https://pbs.twimg.com/media/ExhCmjXXAAsOUq6.jpg,"ğŸš¨ğ”ğğ’ğ„ğ“ ğ€ğ‹ğ„ğ‘ğ“ğŸš¨

(4)@SpiethLegion defeats (1)@TrackingPhil by ğŸ°ğŸ¬ğŸ­ Votes

ğ‘­ğ’Šğ’ğ’‚ğ’ ğ‘½ğ’ğ’•ğ’† ğ‘ªğ’ğ’–ğ’ğ’•ğ’”: ğŸµğŸ´ğŸ±

NUCLR TRACKINGPHIL - ğŸ®ğŸµğŸ® (ğŸ¯ğŸ¬%)
NUCLR SPIETH LEGION - ğŸ²ğŸµğŸ¯ (ğŸ³ğŸ¬%) https://t.co/BpQ20szrba",en,False,True,"['defeat', 'vote', 'nuclr', 'trackingphil', 'nuclr', 'spieth', 'legion', 'bpq', 'szrba']",1,0.9457504749298096,0.9457504749298096,0.05424955487251282
1375921955904294915,7,81,27,3,https://pbs.twimg.com/media/ExhBud-XIAASZx2.jpg,"Exciting to think about Scottie Scheffler as a US Ryder Cupper this year but hereâ€™s the current top 12, with guys like Kisner, Spieth, Scottie and Zalatoris closing in. Ridiculously stacked. https://t.co/2SKqAMiv0x",en,False,True,"['exciting', 'think', 'scottie', 'scheffler', 'ryder', 'cupper', 'year', 'current', 'top', 'guy', 'kisner', 'spieth', 'scottie', 'zalatoris', 'closing', 'ridiculously', 'stack', 'skqamiv']",2,0.9641990661621094,0.03580094873905182,0.9641990661621094
1375914166955958276,23,0,0,0,https://pbs.twimg.com/media/ExgUIEOUUAM0x2t.jpg,"RT @PGATOUR: A slim 1UP victory for Matt Kuchar over Jordan Spieth.

The Quarterfinals are set. https://t.co/9wgwyjSAz3",en,False,True,"['slim', 'victory', 'matt', 'kuchar', 'jordan', 'spieth', 'quarterfinal', 'set', 'wgwyjsaz']",2,0.9456910490989685,0.05430898442864418,0.9456910490989685
1375913866832588802,1,0,0,0,https://pbs.twimg.com/media/ExeXHafWgAIqT-h.jpg,RT @golfweek: Jordan Spieth will play in San Antonio at Valero Texas Open https://t.co/1taQAX9JOQ https://t.co/hv8SStXLRS,en,False,True,"['jordan', 'spieth', 'play', 'san', 'antonio', 'taqax', 'joq', 'hv', 'sstxlrs']",1,0.9441617131233215,0.9441617131233215,0.055838339030742645
1375901294188199936,23,0,0,0,https://pbs.twimg.com/media/ExgUIEOUUAM0x2t.jpg,"RT @PGATOUR: A slim 1UP victory for Matt Kuchar over Jordan Spieth.

The Quarterfinals are set. https://t.co/9wgwyjSAz3",en,True,True,"['slim', 'victory', 'matt', 'kuchar', 'jordan', 'spieth', 'quarterfinal', 'set', 'wgwyjsaz']",2,0.9456875920295715,0.054312411695718765,0.9456875920295715
1375891808023117825,23,0,0,0,https://pbs.twimg.com/media/ExgUIEOUUAM0x2t.jpg,"RT @PGATOUR: A slim 1UP victory for Matt Kuchar over Jordan Spieth.

The Quarterfinals are set. https://t.co/9wgwyjSAz3",en,False,True,"['slim', 'victory', 'matt', 'kuchar', 'jordan', 'spieth', 'quarterfinal', 'set', 'wgwyjsaz']",2,0.9456904530525208,0.054309550672769547,0.9456904530525208
1375887096473341955,23,0,0,0,https://pbs.twimg.com/media/ExgUIEOUUAM0x2t.jpg,"RT @PGATOUR: A slim 1UP victory for Matt Kuchar over Jordan Spieth.

The Quarterfinals are set. https://t.co/9wgwyjSAz3",en,False,True,"['slim', 'victory', 'matt', 'kuchar', 'jordan', 'spieth', 'quarterfinal', 'set', 'wgwyjsaz']",2,0.9456865787506104,0.05431339517235756,0.9456865787506104
1375886213370941441,23,0,0,0,https://pbs.twimg.com/media/ExgUIEOUUAM0x2t.jpg,"RT @PGATOUR: A slim 1UP victory for Matt Kuchar over Jordan Spieth.

The Quarterfinals are set. https://t.co/9wgwyjSAz3",en,False,True,"['slim', 'victory', 'matt', 'kuchar', 'jordan', 'spieth', 'quarterfinal', 'set', 'wgwyjsaz']",2,0.9456897377967834,0.05431024730205536,0.9456897377967834
1375885376817074179,2,54,8,1,https://pbs.twimg.com/media/ExggdF7WYAgTefn.jpg,Matt Kuchar beat Jordan Spieth in the Round of 16 at Austin Country Club by using the fans to his advantage: https://t.co/YBk7bchaW1 https://t.co/IGp6f4zDQU,en,False,True,"['matt', 'kuchar', 'beat', 'jordan', 'spieth', 'round', 'austin', 'country', 'club', 'use', 'fan', 'advantage', 'bchaw', 'igp', 'zdqu']",2,0.964238703250885,0.0357612669467926,0.964238703250885
1375885092309004288,0,0,0,0,https://pbs.twimg.com/media/ExggM0bUYAUHxPS.jpg,Highlights | Matt Kuchar vs. Jordan Spieth | WGC-Dell Match Play | 2021 https://t.co/2s8qQLubX7 https://t.co/2aYAn6tmU2,en,False,True,"['highlight', 'matt', 'kuchar', 'jordan', 'spieth', 'wgc', 'dell', 'match', 'play', 'qqlubx', 'ayan', 'tmu']",1,0.8758416771888733,0.8758416771888733,0.12415830045938492
1375883119572713479,23,0,0,0,https://pbs.twimg.com/media/ExgUIEOUUAM0x2t.jpg,"RT @PGATOUR: A slim 1UP victory for Matt Kuchar over Jordan Spieth.

The Quarterfinals are set. https://t.co/9wgwyjSAz3",en,False,True,"['slim', 'victory', 'matt', 'kuchar', 'jordan', 'spieth', 'quarterfinal', 'set', 'wgwyjsaz']",2,0.9456899166107178,0.054310087114572525,0.9456899166107178
1375879373765677061,23,0,0,0,https://pbs.twimg.com/media/ExgUIEOUUAM0x2t.jpg,"RT @PGATOUR: A slim 1UP victory for Matt Kuchar over Jordan Spieth.

The Quarterfinals are set. https://t.co/9wgwyjSAz3",en,False,True,"['slim', 'victory', 'matt', 'kuchar', 'jordan', 'spieth', 'quarterfinal', 'set', 'wgwyjsaz']",2,0.9456881880760193,0.054311856627464294,0.9456881880760193
1375878963214569479,23,0,0,0,https://pbs.twimg.com/media/ExgUIEOUUAM0x2t.jpg,"RT @PGATOUR: A slim 1UP victory for Matt Kuchar over Jordan Spieth.

The Quarterfinals are set. https://t.co/9wgwyjSAz3",en,True,True,"['slim', 'victory', 'matt', 'kuchar', 'jordan', 'spieth', 'quarterfinal', 'set', 'wgwyjsaz']",2,0.9456905126571655,0.05430948734283447,0.9456905126571655
1375878339966205953,23,0,0,0,https://pbs.twimg.com/media/ExgUIEOUUAM0x2t.jpg,"RT @PGATOUR: A slim 1UP victory for Matt Kuchar over Jordan Spieth.

The Quarterfinals are set. https://t.co/9wgwyjSAz3",en,False,True,"['slim', 'victory', 'matt', 'kuchar', 'jordan', 'spieth', 'quarterfinal', 'set', 'wgwyjsaz']",2,0.945688784122467,0.05431119725108147,0.945688784122467
1375877488388280323,23,0,0,0,https://pbs.twimg.com/media/ExgUIEOUUAM0x2t.jpg,"RT @PGATOUR: A slim 1UP victory for Matt Kuchar over Jordan Spieth.

The Quarterfinals are set. https://t.co/9wgwyjSAz3",en,False,True,"['slim', 'victory', 'matt', 'kuchar', 'jordan', 'spieth', 'quarterfinal', 'set', 'wgwyjsaz']",2,0.9456914067268372,0.054308585822582245,0.9456914067268372
1375877227083104257,23,0,0,0,https://pbs.twimg.com/media/ExgUIEOUUAM0x2t.jpg,"RT @PGATOUR: A slim 1UP victory for Matt Kuchar over Jordan Spieth.

The Quarterfinals are set. https://t.co/9wgwyjSAz3",en,False,True,"['slim', 'victory', 'matt', 'kuchar', 'jordan', 'spieth', 'quarterfinal', 'set', 'wgwyjsaz']",2,0.9456885457038879,0.05431138724088669,0.9456885457038879
1375877028361216002,0,2,0,0,https://pbs.twimg.com/media/ExgY3QqXMAEif0z.jpg,@NoLayingUp â€œLeave Spieth alone!..... I mean itâ€ https://t.co/KULke4xryU,en,False,True,"['leave', 'spieth', 'alone', 'mean', 'kulke', 'xryu']",1,0.916543185710907,0.916543185710907,0.08345683664083481
1375875928937598989,23,0,0,0,https://pbs.twimg.com/media/ExgUIEOUUAM0x2t.jpg,"RT @PGATOUR: A slim 1UP victory for Matt Kuchar over Jordan Spieth.

The Quarterfinals are set. https://t.co/9wgwyjSAz3",en,False,True,"['slim', 'victory', 'matt', 'kuchar', 'jordan', 'spieth', 'quarterfinal', 'set', 'wgwyjsaz']",2,0.9456902146339417,0.05430981516838074,0.9456902146339417
1375875470055641098,23,0,0,0,https://pbs.twimg.com/media/ExgUIEOUUAM0x2t.jpg,"RT @PGATOUR: A slim 1UP victory for Matt Kuchar over Jordan Spieth.

The Quarterfinals are set. https://t.co/9wgwyjSAz3",en,False,True,"['slim', 'victory', 'matt', 'kuchar', 'jordan', 'spieth', 'quarterfinal', 'set', 'wgwyjsaz']",2,0.9456908702850342,0.0543091855943203,0.9456908702850342
1375875007625129988,23,0,0,0,https://pbs.twimg.com/media/ExgUIEOUUAM0x2t.jpg,"RT @PGATOUR: A slim 1UP victory for Matt Kuchar over Jordan Spieth.

The Quarterfinals are set. https://t.co/9wgwyjSAz3",en,False,True,"['slim', 'victory', 'matt', 'kuchar', 'jordan', 'spieth', 'quarterfinal', 'set', 'wgwyjsaz']",2,0.9456914067268372,0.05430851876735687,0.9456914067268372
1375874913454673933,23,0,0,0,https://pbs.twimg.com/media/ExgUIEOUUAM0x2t.jpg,"RT @PGATOUR: A slim 1UP victory for Matt Kuchar over Jordan Spieth.

The Quarterfinals are set. https://t.co/9wgwyjSAz3",en,False,True,"['slim', 'victory', 'matt', 'kuchar', 'jordan', 'spieth', 'quarterfinal', 'set', 'wgwyjsaz']",2,0.9456914067268372,0.054308608174324036,0.9456914067268372
1375873872600330241,23,0,0,0,https://pbs.twimg.com/media/ExgUIEOUUAM0x2t.jpg,"RT @PGATOUR: A slim 1UP victory for Matt Kuchar over Jordan Spieth.

The Quarterfinals are set. https://t.co/9wgwyjSAz3",en,False,True,"['slim', 'victory', 'matt', 'kuchar', 'jordan', 'spieth', 'quarterfinal', 'set', 'wgwyjsaz']",2,0.9456907510757446,0.05430924892425537,0.9456907510757446
1375872953850736640,23,0,0,0,https://pbs.twimg.com/media/ExgUIEOUUAM0x2t.jpg,"RT @PGATOUR: A slim 1UP victory for Matt Kuchar over Jordan Spieth.

The Quarterfinals are set. https://t.co/9wgwyjSAz3",en,False,True,"['slim', 'victory', 'matt', 'kuchar', 'jordan', 'spieth', 'quarterfinal', 'set', 'wgwyjsaz']",2,0.9456896185874939,0.05431034415960312,0.9456896185874939
1375872487737659392,23,0,0,0,https://pbs.twimg.com/media/ExgUIEOUUAM0x2t.jpg,"RT @PGATOUR: A slim 1UP victory for Matt Kuchar over Jordan Spieth.

The Quarterfinals are set. https://t.co/9wgwyjSAz3",en,False,True,"['slim', 'victory', 'matt', 'kuchar', 'jordan', 'spieth', 'quarterfinal', 'set', 'wgwyjsaz']",2,0.9456905722618103,0.05430939048528671,0.9456905722618103
1375872300533354497,0,4,2,0,https://pbs.twimg.com/media/ExgUbodXIAkbRcT.png,"Spieth was 49.45% owned in the 453 lineups entering today that still had a chance at getting the entire Final 4 correct.

With his loss to Kuchar, we now have just 90 lineups out of 70,164 that can go 4/4 in these Elite 8 Matchups...

There are just 2,089 others who could get 3.. https://t.co/sHEqt9qjhw",en,False,True,"['spieth', 'lineup', 'enter', 'today', 'still', 'chance', 'get', 'entire', 'final', 'correct', 'loss', 'kuchar', 'lineup', 'go', 'elite', 'matchup', 'get', 'sheqt', 'qjhw']",1,0.9722945690155029,0.9722945690155029,0.027705367654561996
1375872165816451076,23,0,0,0,https://pbs.twimg.com/media/ExgUIEOUUAM0x2t.jpg,"RT @PGATOUR: A slim 1UP victory for Matt Kuchar over Jordan Spieth.

The Quarterfinals are set. https://t.co/9wgwyjSAz3",en,False,True,"['slim', 'victory', 'matt', 'kuchar', 'jordan', 'spieth', 'quarterfinal', 'set', 'wgwyjsaz']",2,0.94568932056427,0.05431066080927849,0.94568932056427
1375871933091172356,23,135,30,6,https://pbs.twimg.com/media/ExgUIEOUUAM0x2t.jpg,"A slim 1UP victory for Matt Kuchar over Jordan Spieth.

The Quarterfinals are set. https://t.co/9wgwyjSAz3",en,False,True,"['slim', 'victory', 'matt', 'kuchar', 'jordan', 'spieth', 'quarterfinal', 'set', 'wgwyjsaz']",2,0.945690929889679,0.05430900305509567,0.945690929889679
1375871584163012608,2,7,3,0,https://pbs.twimg.com/media/ExgT3XpW8AYTs6_.png,"And now with Bracket 1 compete...

Harman and Kuchar advance
Bubba and Spieth eliminated

There are ZERO (!!!!!!) lineups left with 6 golfers. This tournament continues to be absolute madness!!! https://t.co/33NRnR5p1U",en,False,True,"['bracket', 'compete', 'harman', 'kuchar', 'advance', 'bubba', 'spieth', 'eliminate', 'lineup', 'leave', 'golfer', 'tournament', 'continue', 'absolute', 'madness', 'nrnr']",1,0.9678415060043335,0.9678415060043335,0.032158512622117996
1375871572683202566,12,702,22,6,https://pbs.twimg.com/media/ExgT5x4WYAcm308.jpg,Bending over backwards to convince myself that itâ€™s actually better that Spieth lost so heâ€™s not overhyped for Augusta https://t.co/Ez6FW3R0iK,en,False,True,"['bend', 'backwards', 'convince', 'actually', 'well', 'spieth', 'lose', 'overhyped', 'augusta', 'ez', 'ik']",1,0.9083377718925476,0.9083377718925476,0.09166222810745239
1375870929318899715,0,1,0,0,https://pbs.twimg.com/media/ExgTUKpWQAUMVag.jpg,Jordan Spieth officially on my no bet list https://t.co/VN07GC1c8v,en,False,True,"['jordan', 'spieth', 'officially', 'bet', 'list', 'gc']",2,0.9123809933662415,0.08761898428201675,0.9123809933662415
1375868282465566725,0,2,0,0,https://pbs.twimg.com/media/ExgQ5wjXEAc4Plb.jpg,"If Jordan Spieth loses to Matt Kuchar, the #WGCMatchPlay will officially reach train-wreck status. https://t.co/M4my43ipY4",en,False,True,"['jordan', 'spieth', 'lose', 'matt', 'kuchar', 'wgcmatchplay', 'officially', 'reach', 'train', 'wreck', 'status', 'ipy']",1,0.8454095721244812,0.8454095721244812,0.1545904278755188
1375866744749883399,0,0,1,0,https://pbs.twimg.com/media/ExgPZa9XIAAE3kW.png,Final 8 at match play almost set...Spieth just missed a 7 footer at 16 to go 1 up...tied two to play...I may have a seizure if he loses this... https://t.co/THzMSvvSJQ,en,False,True,"['final', 'match', 'play', 'almost', 'set', 'spieth', 'miss', 'footer', 'go', 'tie', 'play', 'seizure', 'lose', 'thzmsvvsjq']",1,0.8512327671051025,0.8512327671051025,0.14876720309257507
1375866509940129797,0,5,1,0,https://pbs.twimg.com/media/ExgPTGJWUAAgow5.jpg,Jordan Spieth just cost me money. https://t.co/QvCtjiZAnb,en,False,True,"['jordan', 'spieth', 'cost', 'money', 'qvctjizanb']",1,0.8885289430618286,0.8885289430618286,0.11147107183933258
1375863954141020161,1,182,16,0,https://pbs.twimg.com/media/ExgM-R6WQAYMNnA.jpg,"Spieth now getting in on the ruling. 

Commercial for the PGA Tour is your audio source. https://t.co/WTrpY98w7W",en,False,True,"['spieth', 'get', 'rule', 'commercial', 'pga', 'tour', 'audio', 'source', 'wtrpy']",1,0.9457315802574158,0.9457315802574158,0.054268382489681244
1375854384781869059,0,0,0,0,https://pbs.twimg.com/media/ExgERZ7WEAQI_qw.jpg,"#JORDAN #SPIETH: #Wednesday #Flash #Interview 2021 #WORLD #Golf #Championships #Dell #Technologies #Match #Play
 
https://t.co/azGQkLTlyD
 
#GolfRules #Video #Vlog #YouTube https://t.co/jxRFnnZY0h",und,False,True,"['jordan', 'spieth', 'wednesday', 'flash', 'interview', 'world', 'golf', 'championship', 'dell', 'technology', 'match', 'play', 'azgqkltlyd', 'golfrule', 'video', 'vlog', 'youtube', 'jxrfnnzy']",1,0.9707659482955933,0.9707659482955933,0.029234113171696663
1375824843094904833,0,2,1,0,https://pbs.twimg.com/media/ExfpZwOUYAAMCv5.jpg,Come on Jordan Spieth ğŸ˜ğŸ˜ğŸ˜ https://t.co/zMqs4Rj6ZD,en,False,True,"['come', 'jordan', 'spieth', 'zmqs', 'rj', 'zd']",1,0.90361088514328,0.90361088514328,0.09638910740613937
1375815250696605696,0,1,0,0,https://pbs.twimg.com/media/ExfgrZhW8AIazQV.jpg,Spieth when he saw he was playing Kuchar in match play https://t.co/E9BSnzz6pO,en,False,True,"['spieth', 'see', 'play', 'kuchar', 'match', 'play', 'bsnzz', 'po']",1,0.933812141418457,0.933812141418457,0.06618785858154297
1375805323148197888,3,121,3,0,https://pbs.twimg.com/media/ExfXpYGWQAIAeKq.jpg,"ğŸš¨THE BIRKDALE REMATCH IS ONâš ï¸

JORDAN SPIETH âŒ MATT KUCHAR

LIKE to Check-In to the Sweet Sixteenâœ…

LIKE to Check-In to the SPIETH LEGIONâœ… https://t.co/nl9wKpHMq0",en,False,True,"['birkdale', 'rematch', 'jordan', 'spieth', 'matt', 'kuchar', 'check', 'sweet', 'check', 'spieth', 'legion', 'nl', 'wkphmq']",1,0.8756571412086487,0.8756571412086487,0.12434288114309311
1375800651528175624,0,0,0,0,https://pbs.twimg.com/media/ExfTXbAXEAMWFpb.jpg,"ğŸ“Œ In-Play WGC Match Play

Jon Rahm 5/1
Tommy Fleetwood 11/2
Jordan Spieth 13/2
Sergio Garcia 13/2

ğŸ“± Live betting | https://t.co/z9U9k8em9f

#WGCMatchPlay https://t.co/aalnqtuao2",en,False,True,"['play', 'wgc', 'match', 'play', 'jon', 'rahm', 'tommy', 'fleetwood', 'jordan', 'spieth', 'sergio', 'garcia', 'live', 'bet', 'wgcmatchplay', 'aalnqtuao']",1,0.9669147729873657,0.9669147729873657,0.03308519348502159
1375781209381421057,0,0,0,0,https://pbs.twimg.com/media/ExfBjpFWQAAAIEg.jpg,"WGC Matchplay
Tournament Outright
Rahm, 
5/1
Spieth, 
13/2
Fleetwood, 
15/2
Garcia, 
8/1
Scheffler, 
12/1
Harman, 
12/1
Poulter, 
14/1
Watson, 
16/1
Horschel, 
16/1
Kuchar, 
18/1
Perez, 
20/1
MacIntyre, 
22/1
Frittelli, 
25/1
Streelman, 
28/1
Hughes, 
28/1
Van Rooyen, 
30/1 https://t.co/pR0TYq9SPh",en,False,True,"['wgc', 'matchplay', 'tournament', 'outright', 'rahm', 'spieth', 'fleetwood', 'garcia', 'scheffler', 'harman', 'poulter', 'watson', 'horschel', 'kuchar', 'perez', 'macintyre', 'frittelli', 'streelman', 'hughe', 'van', 'rooyen', 'pr', 'tyq', 'sph']",1,0.9789201021194458,0.9789201021194458,0.021079858765006065
1375772104164007936,4,72,2,1,https://pbs.twimg.com/media/Exe5cA2WEAUG6f6.jpg,Jordan Spieth is set for a challenging match against Matt Kuchar in the Round of 16 at the @DellMatchPlay: https://t.co/Am5g39g2Qk https://t.co/mDmYqyUvZi,en,False,True,"['jordan', 'spieth', 'set', 'challenging', 'match', 'matt', 'kuchar', 'round', 'mdmyqyuvzi']",2,0.9117035865783691,0.08829639852046967,0.9117035865783691
1375767051365621768,0,0,0,0,https://pbs.twimg.com/media/ExejRRqWEAAUwVX.png,"ï¸â›³ï¸ WGC Match Play

ğŸ‘‰ Play begins at 12:35pm

Jon Rahm 5/1
Jordan Spieth 13/2
Sergio Garcia 8/1
Tommy Fleetwood 8/1

ğŸ“± Bet here | https://t.co/aPLYI1tWnD https://t.co/ajTzkcTuGf",en,False,True,"['wgc', 'match', 'play', 'play', 'begin', 'pm', 'jon', 'rahm', 'jordan', 'spieth', 'sergio', 'tommy', 'fleetwood', 'bet', 'aplyi', 'twnd', 'ajtzkctugf']",1,0.9659979939460754,0.9659979939460754,0.03400202840566635
1375757496808304640,0,0,0,0,https://pbs.twimg.com/media/ExesJytW8AQvUlm.jpg,"#JORDAN #SPIETH #Saves #Par after #Crazy ...
 
https://t.co/kywE1eBaFC
 
#2021PGATour #AustinCountryClub #Golf #GolfClubs #GolfClubsWoods #GolfEquipment #GolfHighlights #GolfWoods #JordanSpieth #JordanSpiethHighlights #JordanSpiethWgcMatchPlay #Pga #PgaTour #PgaTour2021 https://t.co/m8ZoYOUjKD",en,False,True,"['jordan', 'spieth', 'save', 'crazy', 'kywe', 'ebafc', 'pgatour', 'golf', 'golfclub', 'golfclubswood', 'golfequipment', 'golfhighlight', 'golfwood', 'jordanspieth', 'pga', 'pgatour', 'pgatour', 'zoyoujkd']",1,0.972032368183136,0.972032368183136,0.027967648580670357
1375749496479625218,2,56,0,1,https://pbs.twimg.com/media/Exek36OWUAQJ2jc.jpg,"The Jordan Spieth redemption tour continues, with a key tournament on the horizon ğŸ‘€: https://t.co/Zx5ucjcUOo https://t.co/6pa1ffa6B7",en,False,True,"['jordan', 'spieth', 'redemption', 'tour', 'continue', 'key', 'tournament', 'horizon', 'zx', 'ucjcuoo', 'pa', 'ffa']",1,0.958007276058197,0.958007276058197,0.0419926643371582
1375734367289536516,1,27,0,0,https://pbs.twimg.com/media/ExeXHafWgAIqT-h.jpg,Jordan Spieth will play in San Antonio at Valero Texas Open https://t.co/1taQAX9JOQ https://t.co/hv8SStXLRS,en,False,True,"['jordan', 'spieth', 'play', 'san', 'antonio', 'taqax', 'joq', 'hv', 'sstxlrs']",1,0.9441601634025574,0.9441601634025574,0.055839844048023224
1375714494140325888,6,29,1,2,https://pbs.twimg.com/media/ExeFCN5XEAI4xKJ.jpg,"Jon Rahm is the only player in the top 20 in the world still in the @DellMatchPlay. 

3. Rahm
21. Fleetwood
30. Scheffler
31. Perez
32. Horschel
39. Garcia
41. MacIntyre
48. Hughes
49. Spieth
52. Kuchar
53. Streelman
54. Harman 
55. Watson
60. Poulter
62. van Rooyen
64. Frittelli https://t.co/pHKDhe6KE0",en,False,True,"['jon', 'rahm', 'player', 'top', 'world', 'still', 'rahm', 'fleetwood', 'scheffler', 'perez', 'horschel', 'garcia', 'macintyre', 'hughe', 'spieth', 'kuchar', 'streelman', 'harman', 'watson', 'poulter', 'van', 'rooyen', 'frittelli', 'phkdhe', 'ke']",1,0.9799020886421204,0.9799020886421204,0.020097967237234116
1375713898972778497,0,0,0,0,https://pbs.twimg.com/media/Excd33dXIAUIkVI.jpg,"@EuropeanTour: Fleetwood v Frittelli
Horschel v Streelman
Garcia v Hughes
MacIntyre v Perez
Scheffler v Poulter
Rahm v van Rooyen
Watson v Harman
Kuchar v Spieth

The draw for the round of 16 is complete.

#DellMatchPlay https://t.co/zu8kOPrqdE #EuropeanTour",en,False,True,"['fleetwood', 'frittelli', 'horschel', 'streelman', 'garcia', 'macintyre', 'perez', 'scheffler', 'poulter', 'rahm', 'van', 'rooyen', 'watson', 'harman', 'kuchar', 'spieth', 'draw', 'round', 'complete', 'dellmatchplay', 'zu', 'koprqde', 'europeantour']",1,0.97810959815979,0.97810959815979,0.02189038135111332
