id,retweets,likes,replies,quotes,url,text,lang,sensitive,has_media,words,Dominant_topic,Dominant_score,topic_1,topic_2,Count-People,Avg-AgeRange-Low,Avg-AgeRange-High,Count-Smile,Percent-Smile,ANGRY,CALM,CONFUSED,FEAR,HAPPY,SAD,SURPRISED,Female,Male
1377090096055263238,1,0,0,0,https://pbs.twimg.com/media/ExxoAelVgAM_AVn.jpg,"‚ÄúGood vibes‚Äù finally circling around Jordan Spieth, but he can‚Äôt win the Masters on that alone. 

STORY &gt;&gt;&gt; https://t.co/5ann3puVdA by @J_Polychronis https://t.co/bpgfmIGA08",en,False,True,"['good', 'vibe', 'finally', 'circle', 'jordan', 'spieth', 'win', 'master', 'alone', 'story', 'gt', 'gt', 'gt', 'puvda', 'bpgfmiga']",2,0.9637628793716432,0.03623707965016365,0.9637628793716432,1,26.0,42.0,0.0,0.0,0.0,1.0,0.0,0.0,0.0,0.0,0.0,0.0,1.0
1377084502418264075,1,14,0,1,https://pbs.twimg.com/media/ExxjDfuWgAAIw6R.jpg,üö®Jordan Spieth told Golf Channel that he‚Äôs looking to fine tune the game this week ahead of The Masters üëÄ https://t.co/M8PZqjIlmR,en,False,True,"['jordan', 'spieth', 'tell', 'golf', 'channel', 'look', 'fine', 'tune', 'game', 'week', 'ahead', 'master', 'pzqjilmr']",2,0.9587602019309998,0.041239801794290536,0.9587602019309998,1,22.0,34.0,0.0,0.0,0.0,1.0,0.0,0.0,0.0,0.0,0.0,0.0,1.0
1377028160496099330,0,0,0,0,https://pbs.twimg.com/media/ExwvipHUUAIdXhh.jpg,"@OsisAnnie @RobBoltonGolf @valerotxopen @PGATOURSMartin That's a good looking team, mine is similar but I am also very keen on Sam Ryder, I had him in last week's 'early team' but chickened out. If I had any confidence in my gut I would put him in ahead of Spieth.... https://t.co/wdZO0MeUJg",en,False,True,"['good', 'look', 'team', 'mine', 'similar', 'also', 'keen', 'sam', 'ryder', 'last', 'week', 'early', 'team', 'chickene', 'confidence', 'gut', 'put', 'ahead', 'spieth', 'wdzo', 'meujg']",2,0.9760591983795166,0.0239408016204834,0.9760591983795166,6,22.0,50.0,6.0,1.0,1.0,0.0,0.0,0.0,5.0,0.0,0.0,0.0,6.0
1376984460910989313,0,0,0,0,https://pbs.twimg.com/media/ExwIEf8VEAAmz9A.jpg,Golf: Resurgent Spieth 'in a better place' ahead of Masters https://t.co/tLzs8yx2x4 https://t.co/jX23gOmfzu,en,False,True,"['golf', 'resurgent', 'spieth', 'well', 'place', 'ahead', 'master', 'tlzs', 'jx', 'gomfzu']",2,0.9462419152259828,0.05375804007053375,0.9462419152259828,1,22.0,34.0,0.0,0.0,0.0,0.0,1.0,0.0,0.0,0.0,0.0,0.0,1.0
1376977685822382081,0,0,0,0,https://pbs.twimg.com/media/ExwB6ISU4AEh95G.jpg,Resurgent Spieth 'in a better place' ahead of Masters https://t.co/fKnkKQwGny https://t.co/l4dXa604jw,en,False,True,"['resurgent', 'spieth', 'well', 'place', 'ahead', 'master', 'fknkkqwgny', 'dxa', 'jw']",2,0.9462876915931702,0.05371231958270073,0.9462876915931702,1,22.0,34.0,0.0,0.0,0.0,0.0,1.0,0.0,0.0,0.0,0.0,0.0,1.0
1376977668638273536,0,0,0,0,https://pbs.twimg.com/media/ExwB5GwVcAIbZra.jpg,Resurgent Spieth 'in a better place' ahead of Masters https://t.co/1aLSjCiDvj https://t.co/zJ702Djmwo,en,False,True,"['resurgent', 'spieth', 'well', 'place', 'ahead', 'master', 'alsjcidvj', 'djmwo']",2,0.9403069615364076,0.059693064540624625,0.9403069615364076,1,22.0,34.0,0.0,0.0,0.0,0.0,1.0,0.0,0.0,0.0,0.0,0.0,1.0
1376975419035983872,0,0,0,0,https://pbs.twimg.com/media/Exv_2DwUcAErjVn.jpg,"Golf: Resurgent Spieth 'di tempat yang lebih baik' di hadapan Masters - https://t.co/znbYSTjsOj

                &lt;!-- Content data --&gt;
(Reuters) ‚Äì Jordan Spieth mungkin berada di tengah-tengah k https://t.co/OI3PnODZfn",in,False,True,"['golf', 'resurgent', 'spieth', 'di', 'tempat', 'lebih', 'baik', 'hadapan', 'master', 'content', 'datum', 'gt', 'reuter', 'jordan', 'spieth', 'mungkin', 'berada', 'tengah', 'tengah', 'pnodzfn']",2,0.9726717472076416,0.027328219264745712,0.9726717472076416,1,22.0,34.0,0.0,0.0,0.0,0.0,1.0,0.0,0.0,0.0,0.0,0.0,1.0
1376957462876655620,0,0,0,0,https://pbs.twimg.com/media/Exvvg90WEAAX7Vu.jpg,Jordan Spieth: Game 'definitely in a better place' - https://t.co/lu6Ng1vY90 https://t.co/I64smXuV9u,en,False,True,"['jordan', 'spieth', 'game', 'definitely', 'well', 'place', 'lu', 'smxuv']",2,0.9377249479293824,0.06227506697177888,0.9377249479293824,1,22.0,34.0,0.0,0.0,0.0,0.0,1.0,0.0,0.0,0.0,0.0,0.0,1.0
1376957422263209990,0,1,0,0,https://pbs.twimg.com/media/Exvveb7WQAQU2Pf.jpg,"Spieth, Conners, Scheffler, Fowler, and Phil ‚Äî Who do you like?
Our betting favorites for this week‚Äôs Valero Texas Open: https://t.co/3zktDDBAzy https://t.co/jR5WId5Oyv",en,False,True,"['spieth', 'conner', 'scheffler', 'fowler', 'phil', 'bet', 'favorite', 'week', 'zktddbazy', 'wid']",2,0.9429041147232056,0.05709584802389145,0.9429041147232056,1,32.0,48.0,0.0,0.0,0.0,1.0,0.0,0.0,0.0,0.0,0.0,0.0,1.0
1376949886302748679,3,27,1,0,https://pbs.twimg.com/media/Exvon6fWUAovdCb.jpg,"Is Jordan Spieth a must-play this week?

Daily fantasy expert @RickRunGood shared his favorite plays and fades at the Valero Texas Open: https://t.co/aPtvx22Pej https://t.co/lPC0TrjlqQ",en,False,True,"['jordan', 'spieth', 'play', 'week', 'daily', 'fantasy', 'expert', 'share', 'favorite', 'play', 'fade', 'aptvx', 'pej', 'lpc', 'trjlqq']",2,0.8181259036064148,0.1818740665912628,0.8181259036064148,1,27.0,43.0,0.0,0.0,0.0,1.0,0.0,0.0,0.0,0.0,0.0,0.0,1.0
1376945959641419777,51,444,28,16,https://pbs.twimg.com/media/ExvhijUXEAE4hrw.jpg,"Featured Groups for this week‚Äôs @ValeroTXOpen:
 
‚õ≥ Phil Mickelson
‚õ≥ Matt Kuchar
‚õ≥ Hideki Matsuyama
 
üèåÔ∏è Tony Finau
üèåÔ∏è Cameron Champ
üèåÔ∏è Joel Dahmen
 
‚õ≥ Jordan Spieth
‚õ≥ Ryan Palmer
‚õ≥ Corey Conners
 
üèåÔ∏è Gary Woodland
üèåÔ∏è Rickie Fowler
üèåÔ∏è Scottie Scheffler https://t.co/MWlQ27OGpE",en,False,True,"['feature', 'group', 'week', 'phil', 'mickelson', 'matt', 'kuchar', 'hideki', 'matsuyama', 'tony', 'finau', 'cameron', 'champ', 'joel', 'dahman', 'jordan', 'spieth', 'ryan', 'palmer', 'corey', 'conner', 'gary', 'woodland', 'rickie', 'fowler', 'scottie', 'scheffler', 'mwlq', 'ogpe']",2,0.9814692735671996,0.018530750647187236,0.9814692735671996,1,26.0,40.0,1.0,1.0,0.0,0.0,0.0,0.0,1.0,0.0,0.0,0.0,1.0
1376933053520605194,0,2,0,0,https://pbs.twimg.com/media/ExvZUEOWUAcno36.jpg,This Spieth quote with no context whatsoever is laugh out loud funny. Any compliment comes across backhanded the instant you throw in ‚Äúwhich is unusual‚Äù at the end https://t.co/vbVWShMEQ6 https://t.co/xYfEMMGyzC,en,False,True,"['spieth', 'context', 'whatsoever', 'laugh', 'loud', 'funny', 'compliment', 'come', 'backhand', 'instant', 'throw', 'unusual', 'end', 'vbvwshmeq', 'xyfemmgyzc']",2,0.9648348689079284,0.035165123641490936,0.9648348689079284,1,28.0,44.0,1.0,1.0,0.0,0.0,0.0,0.0,1.0,0.0,0.0,1.0,0.0
1376924690019725317,0,1,0,0,https://pbs.twimg.com/media/ExvRtY6XAAUY9kr.jpg,"""You see that pig flying outside your window right now? Yep, that‚Äôs me putting Jordan Spieth in my GPP article.""

@stlcardinals84's GPP Breakdown ($): https://t.co/eEPf7nNetf https://t.co/Xfg2IIzMXI",en,False,True,"['see', 'pig', 'fly', 'window', 'put', 'jordan', 'spieth', 'gpp', 'article', 'gpp', 'breakdown', 'eepf', 'nnetf', 'xfg', 'iizmxi']",2,0.9635128378868104,0.03648712486028671,0.9635128378868104,1,19.0,31.0,0.0,0.0,1.0,0.0,0.0,0.0,0.0,0.0,0.0,1.0,0.0
1376919516471554053,2,0,0,0,https://pbs.twimg.com/media/ExvHPZBW8AMOeXt.jpg,RT @GolfBet: Almost 3 years later: Jordan Spieth is favored again... https://t.co/opQiHgC8eD,en,False,True,"['almost', 'year', 'later', 'jordan', 'spieth', 'favor', 'opqihgc', 'ed']",2,0.9380953311920166,0.06190469488501549,0.9380953311920166,1,28.0,44.0,0.0,0.0,0.0,1.0,0.0,0.0,0.0,0.0,0.0,0.0,1.0
1376913287942705163,2,0,0,0,https://pbs.twimg.com/media/ExvHPZBW8AMOeXt.jpg,RT @GolfBet: Almost 3 years later: Jordan Spieth is favored again... https://t.co/opQiHgC8eD,en,False,True,"['almost', 'year', 'later', 'jordan', 'spieth', 'favor', 'opqihgc', 'ed']",2,0.9380975365638732,0.0619024820625782,0.9380975365638732,1,28.0,44.0,0.0,0.0,0.0,1.0,0.0,0.0,0.0,0.0,0.0,0.0,1.0
1376913240131796997,2,22,0,0,https://pbs.twimg.com/media/ExvHPZBW8AMOeXt.jpg,Almost 3 years later: Jordan Spieth is favored again... https://t.co/opQiHgC8eD,en,False,True,"['almost', 'year', 'later', 'jordan', 'spieth', 'favor', 'opqihgc', 'ed']",2,0.9380949139595032,0.06190509721636772,0.9380949139595032,1,28.0,44.0,0.0,0.0,0.0,1.0,0.0,0.0,0.0,0.0,0.0,0.0,1.0
1376882765099065345,3,108,3,0,https://pbs.twimg.com/media/Exurk51XMAM8Ks3.jpg,"üö®I know it‚Äôs early, but it‚Äôs now official that Jordan Spieth will speak with the Media at 3:00 PM EDT next Monday at Augusta. Jordan did not speak with the media last year. Lets gooooüî•‚ò¢Ô∏è https://t.co/VpOzDzZ4PL",en,False,True,"['know', 'early', 'official', 'jordan', 'spieth', 'speak', 'medium', 'pm', 'edt', 'next', 'monday', 'augusta', 'jordan', 'speak', 'medium', 'last', 'year', 'let', 'goooo', 'vpozdzz']",2,0.9742530584335328,0.025746898725628853,0.9742530584335328,1,22.0,34.0,1.0,1.0,0.0,0.0,0.0,0.0,1.0,0.0,0.0,0.0,1.0
1376879657270710273,0,0,0,0,https://pbs.twimg.com/media/ExuowH1VcAcIHLH.jpg,Expert Picks: Valero Texas Open https://t.co/Q6wHCemiPY https://t.co/6Q2SRQseZJ,en,False,True,"['expert', 'pick', 'whcemipy', 'srqsezj']",2,0.8959715962409973,0.1040283590555191,0.8959715962409973,1,28.0,44.0,0.0,0.0,0.0,0.0,1.0,0.0,0.0,0.0,0.0,0.0,1.0
1376865539658776582,0,0,0,0,https://pbs.twimg.com/media/ExuaZktXAAEX1Pu.jpg,"As usual, ùêÑùêóùêìùêëùêÄ ùêèùêãùêÄùêÇùêÑùêí are available on this week's golf ‚õ≥Ô∏è

8‚É£ ùêèùêãùêÄùêÇùêÑùêí each-way on the VALERO ùêìùêÑùêóùêÄùêí ùêéùêèùêÑùêç (starts Thurs 2pm)

Golf mkts‚û°Ô∏èhttps://t.co/mv5srT6v1G

Jordan Spieth is fav
Reigning champ: Corey Connors
Charley Hoffman: 1st in 2016, 2nd in 2019 https://t.co/0JZT1QUTPv",en,False,True,"['usual', 'available', 'week', 'golf', 'way', 'valero', 'ùêéùêèùêÑùêç', 'start', 'thur', 'pm', 'golf', 'mkts', 'srt', 'jordan', 'spieth', 'fav', 'reign', 'champ', 'corey', 'connor', 'charley', 'hoffman', 'st', 'qutpv']",2,0.9766784906387328,0.023321496322751045,0.9766784906387328,2,15.0,35.0,1.0,0.5,0.0,1.0,0.0,0.0,1.0,0.0,0.0,1.0,1.0
1376856125891608578,0,4,1,0,https://pbs.twimg.com/media/ExuTMhbWUAM_dMj.jpg,"There are 9‚É£ days until @TheMasters starts. Sungjae Im is ninth player to finish runner-up in his Masters debut, joining Craig Wood (1934), Ralph Guldahl (1937), Lloyd Mangrum (1940), Tony Lema (1963), Dan Pohl (1982), Jason Day (2011), Jonas Blixt (2014) &amp; Jordan Spieth (2014). https://t.co/bdWnEjRREx",en,False,True,"['day', 'start', 'sungjae', 'ninth', 'player', 'finish', 'runner', 'master', 'debut', 'join', 'craig', 'wood', 'ralph', 'guldahl', 'lloyd', 'mangrum', 'tony', 'dan', 'pohl', 'jason', 'day', 'jona', 'blixt', 'jordan', 'spieth', 'bdwnejrrex']",2,0.9783890843391418,0.02161085419356823,0.9783890843391418,1,28.0,44.0,0.0,0.0,0.0,1.0,0.0,0.0,0.0,0.0,0.0,0.0,1.0
1376836627935412232,0,28,2,0,https://pbs.twimg.com/media/ExuBnb2XMAMo6hP.jpg,Tom Kite thinks Jordan Spieth is almost back to major championship form https://t.co/Mt5dDWDvBf https://t.co/F9SPOdeNyU,en,False,True,"['tom', 'kite', 'think', 'jordan', 'spieth', 'almost', 'back', 'major', 'championship', 'form', 'mt', 'ddwdvbf', 'spodenyu']",1,0.9510676860809326,0.9510676860809326,0.0489322692155838,1,29.0,45.0,0.0,0.0,0.0,1.0,0.0,0.0,0.0,0.0,0.0,0.0,1.0
1376795586012274688,0,0,0,0,https://pbs.twimg.com/media/ExtcSiRXAAI3DrG.jpg,"#Highlights | #Matt #Kuchar #Vs. #JORDAN ...
 
https://t.co/mdgNPbPhGy
 
#2021PGATour #AustinCountryClub #Golf #GolfHighlights #GolfRules #JordanSpieth #MattKuchar #MattKucharVsJordanSpieth #Pga #PgaTour #PgaTour2021 #PgaTourHighlights #Tour #Video #Vlog #WgcDellMatchPlay https://t.co/I9DI70Ogfy",und,False,True,"['highlight', 'matt', 'kuchar', 'vs', 'jordan', 'mdgnpbphgy', 'pgatour', 'golf', 'golfhighlight', 'golfrule', 'jordanspieth', 'mattkuchar', 'pga', 'pgatour', 'pgatour', 'tour', 'video', 'vlog', 'ogfy']",1,0.9538930654525756,0.9538930654525756,0.046106956899166114,2,22.0,42.0,0.0,0.0,0.0,2.0,0.0,0.0,0.0,0.0,0.0,0.0,2.0
1376724473588633602,1,5,0,1,https://pbs.twimg.com/media/ExsaQ89XMAQydYL.jpg,"With World No. 1 Dustin Johnson and many other top players skipping this week's tournament, Jordan Spieth is the betting favourite to win the final tune-up before the Masters. @houndogharrison has our first look at the Valero Texas Open. https://t.co/uo5FsFBe9Q #ValeroTexasOpen https://t.co/IfQj6gQxfZ",en,False,True,"['world', 'dustin', 'johnson', 'many', 'top', 'player', 'skip', 'week', 'tournament', 'jordan', 'spieth', 'bet', 'favourite', 'win', 'final', 'tune', 'master', 'first', 'look', 'fsfbe', 'valerotexasopen', 'ifqj', 'gqxfz']",2,0.8483596444129944,0.1516403704881668,0.8483596444129944,1,27.0,43.0,0.0,0.0,0.0,1.0,0.0,0.0,0.0,0.0,0.0,0.0,1.0
1376701376840019969,0,6,0,1,https://pbs.twimg.com/media/ExsGW66XAAACv8k.jpg,"üö®ùêíùêÇùêáùêÑùêÉùêîùêãùêÑ: ùêÑùêãùêàùêìùêÑ ùêÑùêàùêÜùêáùêìüö®

Start: 3/30/21
End: 4/2/21 (Lasts 3 Days)

5:00pm ET

(1)@TWlegion vs.
(2)@BKoepkaTracker 

7:00pm ET

(2)@Spieth_Tracker vs.
(8)@LowryTracker https://t.co/cegOUYjLQP",en,False,True,"['ùêíùêÇùêáùêÑùêÉùêîùêãùêÑ', 'ùêÑùêãùêàùêìùêÑ', 'ùêÑùêàùêÜùêáùêì', 'start', 'end', 'last', 'day', 'pm', 'et', 'pm', 'et', 'cegouyjlqp']",2,0.9596381187438964,0.040361899882555015,0.9596381187438964,1,24.0,38.0,0.0,0.0,0.0,1.0,0.0,0.0,0.0,0.0,0.0,0.0,1.0
1376698742422769674,0,5,0,0,https://pbs.twimg.com/media/ExsENYfWYAQCFNM.jpg,"‚ö†Ô∏èùë©ùë∞ùëÆ ùëΩùë∫ ùë∫ùë¥ùë®ùë≥ùë≥‚ö†Ô∏è

@Spieth_Tracker has 14x the followers @LowryTracker has, but here they are, both in the same exact position as we head into the Elite Eight. Can @LowryTracker continue the underdog story, or will the Spieth name push @Spieth_Tracker over the top? https://t.co/F1L3esavZ7",en,False,True,"['ùëΩùë∫', 'follower', 'exact', 'position', 'head', 'elite', 'continue', 'underdog', 'story', 'spieth', 'name', 'push', 'top', 'esavz']",1,0.963123857975006,0.963123857975006,0.03687617927789688,2,21.0,48.0,2.0,1.0,0.0,0.0,0.0,0.0,2.0,0.0,0.0,0.0,2.0
1376694070836404225,0,15,0,0,https://pbs.twimg.com/media/Exr_9cmW8Acq6nL.jpg,"üö®Dustin Johnson has withdrawn from the Valero, and Jordan Spieth is now the favorite to win in San Antonio... https://t.co/a0P4xih6K9",en,False,True,"['dustin', 'johnson', 'withdraw', 'valero', 'jordan', 'spieth', 'favorite', 'win', 'san', 'antonio', 'xih']",2,0.7571772933006287,0.2428227066993713,0.7571772933006287,1,36.0,52.0,0.0,0.0,0.0,1.0,0.0,0.0,0.0,0.0,0.0,0.0,1.0
1376655487362547713,1,15,1,3,https://pbs.twimg.com/media/Exrc3qTWgAAMFB4.jpg,"üö®ùêñùêàùêçùêçùêçùêÑùêëüö®

ùë´ùë∂ùëæùëµ ùëÆùë∂ùë¨ùë∫ ùëµùëºùë™ùë≥ùëπ

SHANE LOWRY TRACKER TAKES DOWN NUCLR GOLF. The underdog story continues, @LowryTracker will have @Spieth_Tracker in the Elite Eight after defeating one of the best trackers on the platform. It will not be an all NUCLR Final FourüòØ https://t.co/dQsqLOQDpU",en,False,True,"['shane', 'lowry', 'tracker', 'take', 'nuclr', 'golf', 'underdog', 'story', 'continue', 'elite', 'defeat', 'good', 'tracker', 'platform', 'nuclr', 'final', 'dqsqloqdpu']",1,0.966450810432434,0.966450810432434,0.0335492379963398,1,31.0,47.0,1.0,1.0,0.0,0.0,0.0,0.0,1.0,0.0,0.0,0.0,1.0
1376644095716720640,0,0,0,0,https://pbs.twimg.com/media/ExrSgmwVgAEVQC5.jpg,"Sergio &amp; Fleetwood trade aces, DeChambeau drives it backward and Spieth nearly hits Cantlay https://t.co/MUIoOAlNsk https://t.co/gUE6O7rTto",en,False,True,"['sergio', 'fleetwood', 'trade', 'ace', 'dechambeau', 'drive', 'backward', 'spieth', 'nearly', 'hit', 'cantlay', 'muiooalnsk', 'gue', 'rtto']",1,0.9548005461692809,0.9548005461692809,0.045199457556009286,1,32.0,48.0,0.0,0.0,0.0,1.0,0.0,0.0,0.0,0.0,0.0,0.0,1.0
1376610747480993800,0,0,0,0,https://pbs.twimg.com/media/Exq0LjEXAAA4HKv.jpg,"Jordan Spieth participando en el evento de recaudacion de fondos, WE ARE... https://t.co/fXB469I22i https://t.co/hqeMB9CAMv",es,False,True,"['jordan', 'spieth', 'participando', 'recaudacion', 'fondo', 'fxb', 'hqemb', 'camv']",1,0.9299347996711732,0.9299347996711732,0.07006517797708511,1,21.0,33.0,0.0,0.0,0.0,1.0,0.0,0.0,0.0,0.0,0.0,0.0,1.0
1376586709173817350,0,0,0,0,https://pbs.twimg.com/media/ExqeURuWUAUJ1jY.jpg,"#JORDAN #SPIETH | #WGC ...
 
https://t.co/PJsWZEUgXD
 
#DellTechnologiesMatchPlay #Golf #GolfClubs #GolfClubsWoods #GolfEquipment #GolfWoods #JordanSpieth #JordanSpiethHighlights #JordanSpiethMatchPlay #JordanSpiethPgaTour #MatchPlay #Pga #PgaTour #Video #Vlog #YouTube https://t.co/L5GCGYF4d3",und,False,True,"['jordan', 'spieth', 'wgc', 'pjswzeugxd', 'golf', 'golfclub', 'golfclubswood', 'golfequipment', 'golfwood', 'jordanspieth', 'matchplay', 'pga', 'pgatour', 'video', 'vlog', 'youtube', 'gcgyf']",1,0.9696382880210876,0.9696382880210876,0.030361728742718693,1,2.0,8.0,0.0,0.0,0.0,1.0,0.0,0.0,0.0,0.0,0.0,1.0,0.0
1376565751113465857,0,7,0,0,https://pbs.twimg.com/media/ExqLQEkWQAU3ebg.jpg,"üö®ùêÖùêàùêçùêÄùêã ùêÄùêãùêÑùêëùêìüö®

(2)@Spieth_Tracker defeats (11)@TrackingWebb by ùü≤ùü≠ Votes

ùë≠ùíäùíèùíÇùíç ùëΩùíêùíïùíÜ ùë™ùíêùíñùíèùíïùíî: ùüØùü≠ùü≠

Spieth Tracker - ùü≠ùü¥ùü≤ (ùü≤ùü¨%)
Webb Simpson Tracker - ùü≠ùüÆùü± (ùü∞ùü¨%) https://t.co/4xGKhciiXX",en,False,True,"['defeat', 'vote', 'spieth', 'tracker', 'webb', 'simpson', 'tracker', 'xgkhciixx']",1,0.9387662410736084,0.9387662410736084,0.06123374775052071,1,23.0,37.0,1.0,1.0,0.0,0.0,0.0,0.0,1.0,0.0,0.0,0.0,1.0
1376514831323443201,3,150,3,0,https://pbs.twimg.com/media/Expc7xWWYAckpmd.jpg,"üö®IT IS VALERO TEXAS OPEN WEEK. LAST TUNE-UP BEFORE THE BIGGEST WEEK OF THE YEAR FOR SPIETH FANS. Jordan absolutely loves this course, he's 4th ALL TIME in SG here and is on a tear right now. This should be a good week. LETS GO!‚ò¢Ô∏èüî• https://t.co/G0Li8MC4Ry",en,False,True,"['week', 'last', 'tune', 'big', 'week', 'year', 'spieth', 'fan', 'jordan', 'absolutely', 'love', 'course', 'th', 'time', 'tear', 'right', 'good', 'week', 'let', 'go', 'li', 'mc', 'ry']",2,0.9776353240013124,0.0223646629601717,0.9776353240013124,12,10.0,59.0,0.0,0.0,0.0,6.0,0.0,3.0,0.0,3.0,0.0,6.0,6.0
1376500635059691531,0,0,0,0,https://pbs.twimg.com/media/ExoW6IsXEAQbdlA.jpg,"#VIDEO: Jordan Spieth lanz√≥ un misil desde el tee -""con trampa""- sobrepasando el green ante el asombro de Cantlay. Con ese golpe, que exced√≠a los 300 metros, el texano empataba el hoyo ante Matt Fitzpatrick en un partido que m√°s tarde ganar√≠a por 3&amp;1 https://t.co/4QthmcDptl https://t.co/jL2VicJMwj",es,False,True,"['video', 'jordan', 'spieth', 'lanzo', 'misil', 'desde', 'el', 'tee', 'con', 'trampa', 'sobrepasando', 'el', 'green', 'ante', 'el', 'asombro', 'cantlay', 'con', 'ese', 'golpe', 'que', 'excedia', 'los', 'metro', 'el', 'texano', 'empataba', 'el', 'hoyo', 'ante', 'matt', 'fitzpatrick', 'un', 'partido', 'que', 'ganaria', 'por', 'qthmcdptl', 'jl', 'vicjmwj']",2,0.9871948957443236,0.012805117294192314,0.9871948957443236,1,42.0,60.0,0.0,0.0,0.0,1.0,0.0,0.0,0.0,0.0,0.0,0.0,1.0
1376493085731909638,0,2,0,0,https://pbs.twimg.com/media/ExoWyW_XMAI3sgn.jpg,"#VIDEO: Jordan Spieth lanz√≥ un misil desde el tee -""con trampa""- sobrepasando el green ante el asombro de Cantlay. Con ese golpe, que exced√≠a los 300 metros, el texano empataba el hoyo ante Matt Fitzpatrick en un partido que m√°s tarde ganar√≠a por 3&amp;1 https://t.co/b8SGBSQVMi https://t.co/S0nHHGZz9b",es,False,True,"['video', 'jordan', 'spieth', 'lanzo', 'misil', 'desde', 'el', 'tee', 'con', 'trampa', 'sobrepasando', 'el', 'green', 'ante', 'el', 'asombro', 'cantlay', 'con', 'ese', 'golpe', 'que', 'excedia', 'los', 'metro', 'el', 'texano', 'empataba', 'el', 'hoyo', 'ante', 'matt', 'fitzpatrick', 'un', 'partido', 'que', 'ganaria', 'por', 'sgbsqvmi', 'nhhgzz']",2,0.9868718385696412,0.013128132559359074,0.9868718385696412,1,42.0,60.0,0.0,0.0,0.0,1.0,0.0,0.0,0.0,0.0,0.0,0.0,1.0
1376476232456474624,0,0,0,0,https://pbs.twimg.com/media/Exo51tSW8AAui7h.jpg,"How a #Search #Party, an #Unfavorable #Ruling and a #Missed 6 #FOOT #Putt #Sunk #JORDAN #SPIETH on #Saturday
 
https://t.co/B58ViRmvdC
 
#Competition #Golf #GolfClubs #GolfClubsPutters #GolfEquipment #GolfPutters #Video #Vlog #YouTube https://t.co/rmgvRbgBlK",en,False,True,"['search', 'party', 'unfavorable', 'rule', 'miss', 'foot', 'putt', 'sink', 'jordan', 'spieth', 'saturday', 'virmvdc', 'competition', 'golf', 'golfclub', 'golfequipment', 'golfputter', 'video', 'vlog', 'youtube', 'rmgvrbgblk']",1,0.9651115536689758,0.9651115536689758,0.03488847240805626,5,14.0,57.0,0.0,0.0,0.0,3.0,0.0,1.0,0.0,0.0,1.0,0.0,5.0
1376342495940984835,3,3,1,0,https://pbs.twimg.com/media/Exm_gmcWgAUmbmv.jpg,"üó£ MATCH PLAY REACT POD

- Pillow Fight Final
- Ryder Cup Implications
- Obligatory Spieth Masters Talk
- The Canadian Who Will Win Valero

WATCH: https://t.co/OVDNP642yV https://t.co/qDXgvTPJtF",en,False,True,"['match', 'play', 'react', 'pod', 'pillow', 'fight', 'final', 'ryder', 'cup', 'implication', 'obligatory', 'spieth', 'master', 'talk', 'canadian', 'win', 'valero', 'watch', 'ovdnp', 'yv', 'qdxgvtpjtf']",2,0.9230033755302428,0.07699666917324066,0.9230033755302428,1,22.0,34.0,0.0,0.0,0.0,1.0,0.0,0.0,0.0,0.0,0.0,0.0,1.0
1376281026717085697,0,0,2,3,https://pbs.twimg.com/media/ExmIJbTVIAIMOrL.jpg,"ITS MASTERS WEEK!!!     DAY 1 of Specials 

SPIETH v RAHM   $3.50

Can Jordan Spieth finish ahead of John Rahm in next weeks masters? We don't think so.  We are potting SPIETH!!!

open to everyone!
https://t.co/YaHrw4wNLu https://t.co/krYeQgbk3L",en,False,True,"['master', 'week', 'day', 'special', 'spieth', 'rahm', 'jordan', 'spieth', 'finish', 'ahead', 'john', 'rahm', 'next', 'week', 'master', 'think', 'potting', 'spieth', 'open', 'yahrw', 'wnlu', 'kryeqgbk']",2,0.8724330067634583,0.12756696343421936,0.8724330067634583,1,22.0,34.0,1.0,1.0,0.0,0.0,0.0,0.0,1.0,0.0,0.0,0.0,1.0
1376157229204832256,0,28,2,0,https://pbs.twimg.com/media/ExkXs7gWYAMut8V.jpg,"The fans are beginning to return to PGA Tour events. 

Matt Kuchar decided to use them to his advantage during his match against Jordan Spieth on Saturday: https://t.co/YBk7bchaW1 https://t.co/Ute2UR3Mv9",en,False,True,"['fan', 'begin', 'return', 'pga', 'tour', 'event', 'matt', 'kuchar', 'decide', 'use', 'advantage', 'match', 'jordan', 'spieth', 'saturday', 'ybk', 'bchaw', 'ute']",2,0.7772826552391052,0.2227173447608948,0.7772826552391052,1,28.0,44.0,0.0,0.0,0.0,1.0,0.0,0.0,0.0,0.0,0.0,0.0,1.0
1376097487321190403,0,0,0,0,https://pbs.twimg.com/media/ExjhX1MXMAgeDRg.jpg,"#Highlights | #JORDAN #SPIETH ...
 
https://t.co/HZqR8RgY7x
 
#2021PGATour #AustinCountryClub #Golf #GolfClubs #GolfClubsWoods #GolfEquipment #GolfWoods #JordanSpieth #JordanSpiethVsMatthewWolff #MatthewWolff #Pga #PgaTour #PgaTour2021 #PgaTourHighlights #Tour #Video #Vlog https://t.co/QxVJZjvWOY",und,False,True,"['highlight', 'jordan', 'spieth', 'hzqr', 'rgy', 'pgatour', 'golf', 'golfclub', 'golfclubswood', 'golfequipment', 'golfwood', 'jordanspieth', 'matthewwolff', 'pga', 'pgatour', 'pgatour', 'tour', 'video', 'vlog', 'qxvjzjvwoy']",1,0.9742386341094972,0.9742386341094972,0.02576131373643875,2,21.0,46.0,0.0,0.0,0.0,2.0,0.0,0.0,0.0,0.0,0.0,0.0,2.0
1376081692755132418,2,12,1,0,https://pbs.twimg.com/media/ExjTAbeXMAAHyg5.jpg,"How a search party, an unfavorable ruling and a missed 6-foot putt sunk Jordan Spieth on Saturday https://t.co/uzuDCxfsuy https://t.co/x9UmM3gFIB",en,False,True,"['search', 'party', 'unfavorable', 'rule', 'miss', 'foot', 'putt', 'sink', 'jordan', 'spieth', 'saturday', 'uzudcxfsuy', 'umm', 'gfib']",2,0.9497125148773192,0.050287507474422455,0.9497125148773192,2,23.0,45.0,1.0,0.5,0.0,0.0,0.0,0.0,2.0,0.0,0.0,1.0,1.0
1376074225300209664,0,0,0,0,https://pbs.twimg.com/media/ExjMN2IWgAE_ajV.jpg,Now playing : Push (Joachim Spieth Remix) by Arnaud Le Texier // Listen live on https://t.co/1LSdKafFKv https://t.co/zl1RvjkRGz,en,False,True,"['play', 'push', 'joachim', 'spieth', 'remix', 'arnaud', 'texi', 'listen', 'live', 'lsdkaffkv', 'zl', 'rvjkrgz']",1,0.9564810395240784,0.9564810395240784,0.04351892322301865,1,19.0,31.0,0.0,0.0,0.0,0.0,0.0,0.0,0.0,1.0,0.0,1.0,0.0
1376014021774692353,1,58,2,0,https://pbs.twimg.com/media/ExiVUE_W8AkxsUw.jpg,üö®Jordan Spieth to Speak with the Media on Wednesday at the Valero Texas Open. The time is still TBD.üé§ https://t.co/Cr4GcP3RBs,en,False,True,"['jordan', 'spieth', 'speak', 'medium', 'wednesday', 'time', 'still', 'tbd', 'gcp', 'rbs']",2,0.8004226684570312,0.19957740604877472,0.8004226684570312,2,23.0,48.0,0.0,0.0,0.0,1.0,1.0,0.0,0.0,0.0,0.0,0.0,2.0
1376001020233461760,23,0,0,0,https://pbs.twimg.com/media/ExgUIEOUUAM0x2t.jpg,"RT @PGATOUR: A slim 1UP victory for Matt Kuchar over Jordan Spieth.

The Quarterfinals are set. https://t.co/9wgwyjSAz3",en,False,True,"['slim', 'victory', 'matt', 'kuchar', 'jordan', 'spieth', 'quarterfinal', 'set', 'wgwyjsaz']",2,0.945688784122467,0.05431127920746803,0.945688784122467,1,28.0,44.0,0.0,0.0,0.0,0.0,1.0,0.0,0.0,0.0,0.0,0.0,1.0
1375921955904294915,7,81,27,3,https://pbs.twimg.com/media/ExhBud-XIAASZx2.jpg,"Exciting to think about Scottie Scheffler as a US Ryder Cupper this year but here‚Äôs the current top 12, with guys like Kisner, Spieth, Scottie and Zalatoris closing in. Ridiculously stacked. https://t.co/2SKqAMiv0x",en,False,True,"['exciting', 'think', 'scottie', 'scheffler', 'ryder', 'cupper', 'year', 'current', 'top', 'guy', 'kisner', 'spieth', 'scottie', 'zalatoris', 'closing', 'ridiculously', 'stack', 'skqamiv']",2,0.9641990661621094,0.03580094128847122,0.9641990661621094,12,20.0,48.0,12.0,1.0,0.0,0.0,0.0,0.0,12.0,0.0,0.0,0.0,12.0
1375914166955958276,23,0,0,0,https://pbs.twimg.com/media/ExgUIEOUUAM0x2t.jpg,"RT @PGATOUR: A slim 1UP victory for Matt Kuchar over Jordan Spieth.

The Quarterfinals are set. https://t.co/9wgwyjSAz3",en,False,True,"['slim', 'victory', 'matt', 'kuchar', 'jordan', 'spieth', 'quarterfinal', 'set', 'wgwyjsaz']",2,0.9456910490989684,0.05430898442864418,0.9456910490989684,1,28.0,44.0,0.0,0.0,0.0,0.0,1.0,0.0,0.0,0.0,0.0,0.0,1.0
1375913866832588802,1,0,0,0,https://pbs.twimg.com/media/ExeXHafWgAIqT-h.jpg,RT @golfweek: Jordan Spieth will play in San Antonio at Valero Texas Open https://t.co/1taQAX9JOQ https://t.co/hv8SStXLRS,en,False,True,"['jordan', 'spieth', 'play', 'san', 'antonio', 'taqax', 'joq', 'hv', 'sstxlrs']",1,0.9441617131233216,0.9441617131233216,0.05583833530545235,2,23.0,55.0,0.0,0.0,0.0,1.0,1.0,0.0,0.0,0.0,0.0,0.0,2.0
1375901294188199936,23,0,0,0,https://pbs.twimg.com/media/ExgUIEOUUAM0x2t.jpg,"RT @PGATOUR: A slim 1UP victory for Matt Kuchar over Jordan Spieth.

The Quarterfinals are set. https://t.co/9wgwyjSAz3",en,True,True,"['slim', 'victory', 'matt', 'kuchar', 'jordan', 'spieth', 'quarterfinal', 'set', 'wgwyjsaz']",2,0.9456875920295716,0.05431240424513817,0.9456875920295716,1,28.0,44.0,0.0,0.0,0.0,0.0,1.0,0.0,0.0,0.0,0.0,0.0,1.0
1375891808023117825,23,0,0,0,https://pbs.twimg.com/media/ExgUIEOUUAM0x2t.jpg,"RT @PGATOUR: A slim 1UP victory for Matt Kuchar over Jordan Spieth.

The Quarterfinals are set. https://t.co/9wgwyjSAz3",en,False,True,"['slim', 'victory', 'matt', 'kuchar', 'jordan', 'spieth', 'quarterfinal', 'set', 'wgwyjsaz']",2,0.9456904530525208,0.054309550672769547,0.9456904530525208,1,28.0,44.0,0.0,0.0,0.0,0.0,1.0,0.0,0.0,0.0,0.0,0.0,1.0
1375887096473341955,23,0,0,0,https://pbs.twimg.com/media/ExgUIEOUUAM0x2t.jpg,"RT @PGATOUR: A slim 1UP victory for Matt Kuchar over Jordan Spieth.

The Quarterfinals are set. https://t.co/9wgwyjSAz3",en,False,True,"['slim', 'victory', 'matt', 'kuchar', 'jordan', 'spieth', 'quarterfinal', 'set', 'wgwyjsaz']",2,0.9456865787506104,0.05431339144706726,0.9456865787506104,1,28.0,44.0,0.0,0.0,0.0,0.0,1.0,0.0,0.0,0.0,0.0,0.0,1.0
1375886213370941441,23,0,0,0,https://pbs.twimg.com/media/ExgUIEOUUAM0x2t.jpg,"RT @PGATOUR: A slim 1UP victory for Matt Kuchar over Jordan Spieth.

The Quarterfinals are set. https://t.co/9wgwyjSAz3",en,False,True,"['slim', 'victory', 'matt', 'kuchar', 'jordan', 'spieth', 'quarterfinal', 'set', 'wgwyjsaz']",2,0.9456897377967834,0.054310247302055366,0.9456897377967834,1,28.0,44.0,0.0,0.0,0.0,0.0,1.0,0.0,0.0,0.0,0.0,0.0,1.0
1375885376817074179,2,54,8,1,https://pbs.twimg.com/media/ExggdF7WYAgTefn.jpg,Matt Kuchar beat Jordan Spieth in the Round of 16 at Austin Country Club by using the fans to his advantage: https://t.co/YBk7bchaW1 https://t.co/IGp6f4zDQU,en,False,True,"['matt', 'kuchar', 'beat', 'jordan', 'spieth', 'round', 'austin', 'country', 'club', 'use', 'fan', 'advantage', 'bchaw', 'igp', 'zdqu']",2,0.964238703250885,0.0357612706720829,0.964238703250885,1,29.0,45.0,1.0,1.0,0.0,0.0,0.0,0.0,1.0,0.0,0.0,0.0,1.0
1375885092309004288,0,0,0,0,https://pbs.twimg.com/media/ExggM0bUYAUHxPS.jpg,Highlights | Matt Kuchar vs. Jordan Spieth | WGC-Dell Match Play | 2021 https://t.co/2s8qQLubX7 https://t.co/2aYAn6tmU2,en,False,True,"['highlight', 'matt', 'kuchar', 'jordan', 'spieth', 'wgc', 'dell', 'match', 'play', 'qqlubx', 'ayan', 'tmu']",1,0.8758416771888733,0.8758416771888733,0.12415829300880432,2,22.0,42.0,0.0,0.0,0.0,2.0,0.0,0.0,0.0,0.0,0.0,0.0,2.0
1375883119572713479,23,0,0,0,https://pbs.twimg.com/media/ExgUIEOUUAM0x2t.jpg,"RT @PGATOUR: A slim 1UP victory for Matt Kuchar over Jordan Spieth.

The Quarterfinals are set. https://t.co/9wgwyjSAz3",en,False,True,"['slim', 'victory', 'matt', 'kuchar', 'jordan', 'spieth', 'quarterfinal', 'set', 'wgwyjsaz']",2,0.9456899166107178,0.05431009456515312,0.9456899166107178,1,28.0,44.0,0.0,0.0,0.0,0.0,1.0,0.0,0.0,0.0,0.0,0.0,1.0
1375879373765677061,23,0,0,0,https://pbs.twimg.com/media/ExgUIEOUUAM0x2t.jpg,"RT @PGATOUR: A slim 1UP victory for Matt Kuchar over Jordan Spieth.

The Quarterfinals are set. https://t.co/9wgwyjSAz3",en,False,True,"['slim', 'victory', 'matt', 'kuchar', 'jordan', 'spieth', 'quarterfinal', 'set', 'wgwyjsaz']",2,0.9456881880760192,0.0543118454515934,0.9456881880760192,1,28.0,44.0,0.0,0.0,0.0,0.0,1.0,0.0,0.0,0.0,0.0,0.0,1.0
1375878963214569479,23,0,0,0,https://pbs.twimg.com/media/ExgUIEOUUAM0x2t.jpg,"RT @PGATOUR: A slim 1UP victory for Matt Kuchar over Jordan Spieth.

The Quarterfinals are set. https://t.co/9wgwyjSAz3",en,True,True,"['slim', 'victory', 'matt', 'kuchar', 'jordan', 'spieth', 'quarterfinal', 'set', 'wgwyjsaz']",2,0.9456904530525208,0.05430949106812477,0.9456904530525208,1,28.0,44.0,0.0,0.0,0.0,0.0,1.0,0.0,0.0,0.0,0.0,0.0,1.0
1375878339966205953,23,0,0,0,https://pbs.twimg.com/media/ExgUIEOUUAM0x2t.jpg,"RT @PGATOUR: A slim 1UP victory for Matt Kuchar over Jordan Spieth.

The Quarterfinals are set. https://t.co/9wgwyjSAz3",en,False,True,"['slim', 'victory', 'matt', 'kuchar', 'jordan', 'spieth', 'quarterfinal', 'set', 'wgwyjsaz']",2,0.945688784122467,0.05431118980050087,0.945688784122467,1,28.0,44.0,0.0,0.0,0.0,0.0,1.0,0.0,0.0,0.0,0.0,0.0,1.0
1375877488388280323,23,0,0,0,https://pbs.twimg.com/media/ExgUIEOUUAM0x2t.jpg,"RT @PGATOUR: A slim 1UP victory for Matt Kuchar over Jordan Spieth.

The Quarterfinals are set. https://t.co/9wgwyjSAz3",en,False,True,"['slim', 'victory', 'matt', 'kuchar', 'jordan', 'spieth', 'quarterfinal', 'set', 'wgwyjsaz']",2,0.9456914067268372,0.05430858582258225,0.9456914067268372,1,28.0,44.0,0.0,0.0,0.0,0.0,1.0,0.0,0.0,0.0,0.0,0.0,1.0
1375877227083104257,23,0,0,0,https://pbs.twimg.com/media/ExgUIEOUUAM0x2t.jpg,"RT @PGATOUR: A slim 1UP victory for Matt Kuchar over Jordan Spieth.

The Quarterfinals are set. https://t.co/9wgwyjSAz3",en,False,True,"['slim', 'victory', 'matt', 'kuchar', 'jordan', 'spieth', 'quarterfinal', 'set', 'wgwyjsaz']",2,0.945688545703888,0.05431138724088669,0.945688545703888,1,28.0,44.0,0.0,0.0,0.0,0.0,1.0,0.0,0.0,0.0,0.0,0.0,1.0
1375877028361216002,0,2,0,0,https://pbs.twimg.com/media/ExgY3QqXMAEif0z.jpg,@NoLayingUp ‚ÄúLeave Spieth alone!..... I mean it‚Äù https://t.co/KULke4xryU,en,False,True,"['leave', 'spieth', 'alone', 'mean', 'kulke', 'xryu']",1,0.916543185710907,0.916543185710907,0.0834568440914154,1,23.0,35.0,1.0,1.0,0.0,0.0,0.0,0.0,0.0,1.0,0.0,1.0,0.0
1375875928937598989,23,0,0,0,https://pbs.twimg.com/media/ExgUIEOUUAM0x2t.jpg,"RT @PGATOUR: A slim 1UP victory for Matt Kuchar over Jordan Spieth.

The Quarterfinals are set. https://t.co/9wgwyjSAz3",en,False,True,"['slim', 'victory', 'matt', 'kuchar', 'jordan', 'spieth', 'quarterfinal', 'set', 'wgwyjsaz']",2,0.9456902146339417,0.054309818893671036,0.9456902146339417,1,28.0,44.0,0.0,0.0,0.0,0.0,1.0,0.0,0.0,0.0,0.0,0.0,1.0
1375875470055641098,23,0,0,0,https://pbs.twimg.com/media/ExgUIEOUUAM0x2t.jpg,"RT @PGATOUR: A slim 1UP victory for Matt Kuchar over Jordan Spieth.

The Quarterfinals are set. https://t.co/9wgwyjSAz3",en,False,True,"['slim', 'victory', 'matt', 'kuchar', 'jordan', 'spieth', 'quarterfinal', 'set', 'wgwyjsaz']",2,0.9456908702850342,0.0543091855943203,0.9456908702850342,1,28.0,44.0,0.0,0.0,0.0,0.0,1.0,0.0,0.0,0.0,0.0,0.0,1.0
1375875007625129988,23,0,0,0,https://pbs.twimg.com/media/ExgUIEOUUAM0x2t.jpg,"RT @PGATOUR: A slim 1UP victory for Matt Kuchar over Jordan Spieth.

The Quarterfinals are set. https://t.co/9wgwyjSAz3",en,False,True,"['slim', 'victory', 'matt', 'kuchar', 'jordan', 'spieth', 'quarterfinal', 'set', 'wgwyjsaz']",2,0.9456915259361268,0.054308518767356866,0.9456915259361268,1,28.0,44.0,0.0,0.0,0.0,0.0,1.0,0.0,0.0,0.0,0.0,0.0,1.0
1375874913454673933,23,0,0,0,https://pbs.twimg.com/media/ExgUIEOUUAM0x2t.jpg,"RT @PGATOUR: A slim 1UP victory for Matt Kuchar over Jordan Spieth.

The Quarterfinals are set. https://t.co/9wgwyjSAz3",en,False,True,"['slim', 'victory', 'matt', 'kuchar', 'jordan', 'spieth', 'quarterfinal', 'set', 'wgwyjsaz']",2,0.9456914067268372,0.054308608174324036,0.9456914067268372,1,28.0,44.0,0.0,0.0,0.0,0.0,1.0,0.0,0.0,0.0,0.0,0.0,1.0
1375873872600330241,23,0,0,0,https://pbs.twimg.com/media/ExgUIEOUUAM0x2t.jpg,"RT @PGATOUR: A slim 1UP victory for Matt Kuchar over Jordan Spieth.

The Quarterfinals are set. https://t.co/9wgwyjSAz3",en,False,True,"['slim', 'victory', 'matt', 'kuchar', 'jordan', 'spieth', 'quarterfinal', 'set', 'wgwyjsaz']",2,0.9456907510757446,0.05430925264954567,0.9456907510757446,1,28.0,44.0,0.0,0.0,0.0,0.0,1.0,0.0,0.0,0.0,0.0,0.0,1.0
1375872953850736640,23,0,0,0,https://pbs.twimg.com/media/ExgUIEOUUAM0x2t.jpg,"RT @PGATOUR: A slim 1UP victory for Matt Kuchar over Jordan Spieth.

The Quarterfinals are set. https://t.co/9wgwyjSAz3",en,False,True,"['slim', 'victory', 'matt', 'kuchar', 'jordan', 'spieth', 'quarterfinal', 'set', 'wgwyjsaz']",2,0.945689618587494,0.05431034415960312,0.945689618587494,1,28.0,44.0,0.0,0.0,0.0,0.0,1.0,0.0,0.0,0.0,0.0,0.0,1.0
1375872487737659392,23,0,0,0,https://pbs.twimg.com/media/ExgUIEOUUAM0x2t.jpg,"RT @PGATOUR: A slim 1UP victory for Matt Kuchar over Jordan Spieth.

The Quarterfinals are set. https://t.co/9wgwyjSAz3",en,False,True,"['slim', 'victory', 'matt', 'kuchar', 'jordan', 'spieth', 'quarterfinal', 'set', 'wgwyjsaz']",2,0.9456905722618104,0.05430939421057701,0.9456905722618104,1,28.0,44.0,0.0,0.0,0.0,0.0,1.0,0.0,0.0,0.0,0.0,0.0,1.0
1375872165816451076,23,0,0,0,https://pbs.twimg.com/media/ExgUIEOUUAM0x2t.jpg,"RT @PGATOUR: A slim 1UP victory for Matt Kuchar over Jordan Spieth.

The Quarterfinals are set. https://t.co/9wgwyjSAz3",en,False,True,"['slim', 'victory', 'matt', 'kuchar', 'jordan', 'spieth', 'quarterfinal', 'set', 'wgwyjsaz']",2,0.94568932056427,0.05431066080927849,0.94568932056427,1,28.0,44.0,0.0,0.0,0.0,0.0,1.0,0.0,0.0,0.0,0.0,0.0,1.0
1375871933091172356,23,135,30,6,https://pbs.twimg.com/media/ExgUIEOUUAM0x2t.jpg,"A slim 1UP victory for Matt Kuchar over Jordan Spieth.

The Quarterfinals are set. https://t.co/9wgwyjSAz3",en,False,True,"['slim', 'victory', 'matt', 'kuchar', 'jordan', 'spieth', 'quarterfinal', 'set', 'wgwyjsaz']",2,0.9456909298896791,0.054309003055095666,0.9456909298896791,1,28.0,44.0,0.0,0.0,0.0,0.0,1.0,0.0,0.0,0.0,0.0,0.0,1.0
1375871572683202566,12,702,22,6,https://pbs.twimg.com/media/ExgT5x4WYAcm308.jpg,Bending over backwards to convince myself that it‚Äôs actually better that Spieth lost so he‚Äôs not overhyped for Augusta https://t.co/Ez6FW3R0iK,en,False,True,"['bend', 'backwards', 'convince', 'actually', 'well', 'spieth', 'lose', 'overhyped', 'augusta', 'ez', 'ik']",1,0.9083377718925476,0.9083377718925476,0.0916622281074524,1,23.0,35.0,0.0,0.0,0.0,1.0,0.0,0.0,0.0,0.0,0.0,0.0,1.0
1375868282465566725,0,2,0,0,https://pbs.twimg.com/media/ExgQ5wjXEAc4Plb.jpg,"If Jordan Spieth loses to Matt Kuchar, the #WGCMatchPlay will officially reach train-wreck status. https://t.co/M4my43ipY4",en,False,True,"['jordan', 'spieth', 'lose', 'matt', 'kuchar', 'wgcmatchplay', 'officially', 'reach', 'train', 'wreck', 'status', 'ipy']",1,0.8454095125198364,0.8454095125198364,0.1545904576778412,2,16.0,44.0,0.0,0.0,0.0,1.0,1.0,0.0,0.0,0.0,0.0,1.0,1.0
1375866509940129797,0,5,1,0,https://pbs.twimg.com/media/ExgPTGJWUAAgow5.jpg,Jordan Spieth just cost me money. https://t.co/QvCtjiZAnb,en,False,True,"['jordan', 'spieth', 'cost', 'money', 'qvctjizanb']",1,0.8885289430618286,0.8885289430618286,0.11147108674049376,1,22.0,34.0,1.0,1.0,0.0,0.0,0.0,0.0,1.0,0.0,0.0,0.0,1.0
1375863954141020161,1,182,16,0,https://pbs.twimg.com/media/ExgM-R6WQAYMNnA.jpg,"Spieth now getting in on the ruling. 

Commercial for the PGA Tour is your audio source. https://t.co/WTrpY98w7W",en,False,True,"['spieth', 'get', 'rule', 'commercial', 'pga', 'tour', 'audio', 'source', 'wtrpy']",1,0.9457315802574158,0.9457315802574158,0.05426838248968125,1,22.0,34.0,0.0,0.0,0.0,1.0,0.0,0.0,0.0,0.0,0.0,1.0,0.0
1375854384781869059,0,0,0,0,https://pbs.twimg.com/media/ExgERZ7WEAQI_qw.jpg,"#JORDAN #SPIETH: #Wednesday #Flash #Interview 2021 #WORLD #Golf #Championships #Dell #Technologies #Match #Play
 
https://t.co/azGQkLTlyD
 
#GolfRules #Video #Vlog #YouTube https://t.co/jxRFnnZY0h",und,False,True,"['jordan', 'spieth', 'wednesday', 'flash', 'interview', 'world', 'golf', 'championship', 'dell', 'technology', 'match', 'play', 'azgqkltlyd', 'golfrule', 'video', 'vlog', 'youtube', 'jxrfnnzy']",1,0.9707659482955932,0.9707659482955932,0.029234113171696663,1,23.0,35.0,0.0,0.0,0.0,0.0,1.0,0.0,0.0,0.0,0.0,0.0,1.0
1375824843094904833,0,2,1,0,https://pbs.twimg.com/media/ExfpZwOUYAAMCv5.jpg,Come on Jordan Spieth üòçüòçüòç https://t.co/zMqs4Rj6ZD,en,False,True,"['come', 'jordan', 'spieth', 'zmqs', 'rj', 'zd']",1,0.90361088514328,0.90361088514328,0.09638910740613936,1,36.0,52.0,0.0,0.0,0.0,1.0,0.0,0.0,0.0,0.0,0.0,0.0,1.0
1375815250696605696,0,1,0,0,https://pbs.twimg.com/media/ExfgrZhW8AIazQV.jpg,Spieth when he saw he was playing Kuchar in match play https://t.co/E9BSnzz6pO,en,False,True,"['spieth', 'see', 'play', 'kuchar', 'match', 'play', 'bsnzz', 'po']",1,0.933812141418457,0.933812141418457,0.06618785858154297,1,49.0,67.0,0.0,0.0,0.0,1.0,0.0,0.0,0.0,0.0,0.0,0.0,1.0
1375805323148197888,3,121,3,0,https://pbs.twimg.com/media/ExfXpYGWQAIAeKq.jpg,"üö®THE BIRKDALE REMATCH IS ON‚ö†Ô∏è

JORDAN SPIETH ‚ùå MATT KUCHAR

LIKE to Check-In to the Sweet Sixteen‚úÖ

LIKE to Check-In to the SPIETH LEGION‚úÖ https://t.co/nl9wKpHMq0",en,False,True,"['birkdale', 'rematch', 'jordan', 'spieth', 'matt', 'kuchar', 'check', 'sweet', 'check', 'spieth', 'legion', 'nl', 'wkphmq']",1,0.8756571412086487,0.8756571412086487,0.12434288114309312,3,22.0,48.0,1.0,0.3333333333333333,0.0,2.0,0.0,0.0,1.0,0.0,0.0,1.0,2.0
1375772104164007936,4,72,2,1,https://pbs.twimg.com/media/Exe5cA2WEAUG6f6.jpg,Jordan Spieth is set for a challenging match against Matt Kuchar in the Round of 16 at the @DellMatchPlay: https://t.co/Am5g39g2Qk https://t.co/mDmYqyUvZi,en,False,True,"['jordan', 'spieth', 'set', 'challenging', 'match', 'matt', 'kuchar', 'round', 'mdmyqyuvzi']",2,0.9117035865783693,0.08829643577337265,0.9117035865783693,1,24.0,38.0,0.0,0.0,0.0,1.0,0.0,0.0,0.0,0.0,0.0,0.0,1.0
1375757496808304640,0,0,0,0,https://pbs.twimg.com/media/ExesJytW8AQvUlm.jpg,"#JORDAN #SPIETH #Saves #Par after #Crazy ...
 
https://t.co/kywE1eBaFC
 
#2021PGATour #AustinCountryClub #Golf #GolfClubs #GolfClubsWoods #GolfEquipment #GolfHighlights #GolfWoods #JordanSpieth #JordanSpiethHighlights #JordanSpiethWgcMatchPlay #Pga #PgaTour #PgaTour2021 https://t.co/m8ZoYOUjKD",en,False,True,"['jordan', 'spieth', 'save', 'crazy', 'kywe', 'ebafc', 'pgatour', 'golf', 'golfclub', 'golfclubswood', 'golfequipment', 'golfhighlight', 'golfwood', 'jordanspieth', 'pga', 'pgatour', 'pgatour', 'zoyoujkd']",1,0.972032368183136,0.972032368183136,0.02796764858067036,1,32.0,48.0,0.0,0.0,1.0,0.0,0.0,0.0,0.0,0.0,0.0,0.0,1.0
1375749496479625218,2,56,0,1,https://pbs.twimg.com/media/Exek36OWUAQJ2jc.jpg,"The Jordan Spieth redemption tour continues, with a key tournament on the horizon üëÄ: https://t.co/Zx5ucjcUOo https://t.co/6pa1ffa6B7",en,False,True,"['jordan', 'spieth', 'redemption', 'tour', 'continue', 'key', 'tournament', 'horizon', 'zx', 'ucjcuoo', 'pa', 'ffa']",1,0.958007276058197,0.958007276058197,0.0419926717877388,1,26.0,40.0,0.0,0.0,1.0,0.0,0.0,0.0,0.0,0.0,0.0,1.0,0.0
1375734367289536516,1,27,0,0,https://pbs.twimg.com/media/ExeXHafWgAIqT-h.jpg,Jordan Spieth will play in San Antonio at Valero Texas Open https://t.co/1taQAX9JOQ https://t.co/hv8SStXLRS,en,False,True,"['jordan', 'spieth', 'play', 'san', 'antonio', 'taqax', 'joq', 'hv', 'sstxlrs']",1,0.9441601634025574,0.9441601634025574,0.055839836597442634,2,23.0,55.0,0.0,0.0,0.0,1.0,1.0,0.0,0.0,0.0,0.0,0.0,2.0
1375714494140325888,6,29,1,2,https://pbs.twimg.com/media/ExeFCN5XEAI4xKJ.jpg,"Jon Rahm is the only player in the top 20 in the world still in the @DellMatchPlay. 

3. Rahm
21. Fleetwood
30. Scheffler
31. Perez
32. Horschel
39. Garcia
41. MacIntyre
48. Hughes
49. Spieth
52. Kuchar
53. Streelman
54. Harman 
55. Watson
60. Poulter
62. van Rooyen
64. Frittelli https://t.co/pHKDhe6KE0",en,False,True,"['jon', 'rahm', 'player', 'top', 'world', 'still', 'rahm', 'fleetwood', 'scheffler', 'perez', 'horschel', 'garcia', 'macintyre', 'hughe', 'spieth', 'kuchar', 'streelman', 'harman', 'watson', 'poulter', 'van', 'rooyen', 'frittelli', 'phkdhe', 'ke']",1,0.9799020886421204,0.9799020886421204,0.02009796723723412,1,22.0,34.0,1.0,1.0,0.0,0.0,0.0,0.0,1.0,0.0,0.0,0.0,1.0
